"high_res [mm]","Freq [GHz]","re(S(2 1)) []","im(S(2 1)) []"
3,6,-0.0555243116735736,8.31777983584094e-14
3,6.01125,-0.0577697839982138,1.32584835655482e-05
3,6.0225,-0.0601341006984471,2.90932959760704e-05
3,6.03375,-0.0626267891619948,4.68664059706303e-05
3,6.045,-0.0652584330102587,6.59084462820518e-05
3,6.05625,-0.0680408087697699,8.5525689244317e-05
3,6.0675,-0.0709870430828295,0.000105008782624804
3,6.07875,-0.0741117942213301,0.000123643434742231
3,6.09,-0.077431462529708,0.000140723223597094
3,6.10125,-0.0809644355255101,0.000155564675698915
3,6.1125,-0.0847313748075345,0.000167524711093131
3,6.12375,-0.0887555537689277,0.000176020475000802
3,6.135,-0.0930632575333511,0.000180551465083551
3,6.14625,-0.0976842597311621,0.000180723706361692
3,6.1575,-0.102652394996279,0.000176275511024606
3,6.16875,-0.1080062517986,0.000167104073682919
3,6.18,-0.113790018010765,0.000153291778568622
3,6.19125,-0.120054522277936,0.000135130618147841
3,6.2025,-0.126858529036141,0.000113142529087052
3,6.21375,-0.134270365715118,8.8092734505718e-05
3,6.225,-0.142369989974324,6.09923477196701e-05
3,6.23625,-0.151251646881561,3.30855750368023e-05
3,6.2475,-0.16102732714271,5.8159319831041e-06
3,6.25875,-0.17183132791221,-1.92348866723302e-05
3,6.27,-0.183826353605069,-4.04421896959254e-05
3,6.28125,-0.197211802281901,-5.62736811234607e-05
3,6.2925,-0.212235208911363,-6.54690081708632e-05
3,6.30375,-0.229208339037653,-6.72623630568324e-05
3,6.315,-0.248530286954794,-6.16373915649627e-05
3,6.32625,-0.270721395789394,-4.95869680963246e-05
3,6.3375,-0.296474395985741,-3.3323552591981e-05
3,6.34875,-0.326733896034,-1.63456930673334e-05
3,6.36,-0.362824487098163,-3.21163084014307e-06
3,6.37125,-0.406666320350685,1.19159525049143e-06
3,6.3825,-0.461157491723748,-6.86244835951224e-06
3,6.39375,-0.530897946303117,-2.74977453723329e-05
3,6.405,-0.623677488846208,-5.40195301707815e-05
3,6.41625,-0.753880367112185,-7.0279394335231e-05
3,6.4275,-0.951498447411019,-5.30859712775888e-05
3,6.43875,-1.29167086294501,8.09422034044787e-06
3,6.45,-2.0328191111612,3.82191504785154e-05
3,6.46125,-5.06762218421645,-0.000517062878174703
3,6.4725,8.2198199259949,0.00118674979434953
3,6.48375,2.04224795763589,-0.0014577591505798
3,6.495,1.0282501432135,-0.00231611131925574
3,6.50625,0.555433029382484,0.00431870110570424
3,6.5175,0.000110544412065064,0.0732833758930398
3,6.52875,0.018354313456524,0.4299617964217
3,6.54,0.0515176847321883,0.554127393805857
3,6.55125,0.097566287250454,0.624624433276734
3,6.5625,0.146133555013995,0.667368129429447
3,6.57375,0.196057939080526,0.693975172966699
3,6.585,0.246728935156179,0.709040418616824
3,6.59625,0.297201935148885,0.71504941219415
3,6.6075,0.346650133084601,0.713792992826986
3,6.61875,0.3945295991266,0.706666603171335
3,6.63,0.440536263823181,0.694746258077293
3,6.64125,0.484515843873534,0.678847886410167
3,6.6525,0.526392227839846,0.659590680843845
3,6.66375,0.566125105484781,0.63745430225233
3,6.675,0.603689662022418,0.612823355125654
3,6.68625,0.639069093003524,0.586018518890958
3,6.6975,0.672253193036359,0.557316724284228
3,6.70875,0.703239074776449,0.526963475908204
3,6.72,0.732032082760226,0.495180056223045
3,6.73125,0.758646160483568,0.462167656727691
3,6.7425,0.783103544895304,0.428109815591842
3,6.75375,0.805433927508692,0.39317401575867
3,6.765,0.82567329650105,0.357512927406355
3,6.77625,0.843862659114924,0.321265538562808
3,6.7875,0.8600467946588,0.284558273708871
3,6.79875,0.87427313429193,0.247506121655466
3,6.81,0.886590817382384,0.21021375691339
3,6.82125,0.897049939642312,0.172776626143611
3,6.8325,0.905700985255454,0.135281971722005
3,6.84375,0.912594421821514,0.0978097708664779
3,6.855,0.917780430697919,0.0604335770029231
3,6.86625,0.921308743954478,0.0232212578798149
3,6.8775,0.923228560828721,-0.0137643686248329
3,6.88875,0.92358851990789,-0.0504649953275612
3,6.9,0.92243670731085,-0.0868263744139076
3,6.91125,0.919820685282016,-0.122797943462348
3,6.9225,0.915787529464109,-0.158332517680248
3,6.93375,0.910383866497001,-0.193386037369706
3,6.945,0.903655906412581,-0.22791736033311
3,6.95625,0.895649466560948,-0.261888089949944
3,6.9675,0.886409985547343,-0.295262430848299
3,6.97875,0.875982526946062,-0.328007065339367
3,6.99,0.864411773455423,-0.360091044998599
3,7.00125,0.851742012739521,-0.391485692910514
3,7.0125,0.838017116531608,-0.422164513111908
3,7.02375,0.823280514711275,-0.452103104655694
3,7.035,0.80757516606237,-0.481279078469625
3,7.04625,0.790943527313357,-0.509671975804561
3,7.0575,0.773427521891233,-0.53726318756419
3,7.06875,0.755068509611081,-0.564035874195049
3,7.08,0.735907258296855,-0.589974886103743
3,7.09125,0.715983918101389,-0.615066684774213
3,7.1025,0.695337999075336,-0.639299264892349
3,7.11375,0.674008352334547,-0.662662077863624
3,7.125,0.652033154997121,-0.685145957141438
3,7.13625,0.629449898908334,-0.706743045781594
3,7.1475,0.606295383044304,-0.727446726609046
3,7.15875,0.582605709383214,-0.747251555336523
3,7.17,0.558416281954961,-0.766153196915346
3,7.18125,0.533761808724117,-0.784148365333242
3,7.1925,0.508676305924798,-0.801234767006152
3,7.20375,0.483193104447196,-0.81741104784348
3,7.215,0.457344857870969,-0.832676744002787
3,7.22625,0.431163551748694,-0.84703223629085
3,7.2375,0.404680513760447,-0.860478708115264
3,7.24875,0.377926424385712,-0.873018106845635
3,7.26,0.350931327770351,-0.88465310840449
3,7.27125,0.323724642501423,-0.895387084877437
3,7.2825,0.296335172040382,-0.905224074908152
3,7.29375,0.268791114604176,-0.914168756626792
3,7.305,0.241120072322909,-0.922226422849706
3,7.31625,0.213349059540894,-0.929402958283629
3,7.3275,0.185504510164994,-0.935704818467698
3,7.33875,0.157612283998616,-0.941139010191779
3,7.35,0.129697672032331,-0.94571307313829
3,7.36125,0.101785400691232,-0.949435062507138
3,7.3725,0.073899635065707,-0.95231353239834
3,7.38375,0.046063981175608,-0.954357519744099
3,7.395,0.0183014873376125,-0.955576528601161
3,7.40625,-0.00936535527733545,-0.955980514634278
3,7.4175,-0.0369146127960722,-0.95557986964262
3,7.42875,-0.0643249093936509,-0.954385406002221
3,7.44,-0.0915754285233438,-0.952408340918853
3,7.45125,-0.118645914502127,-0.949660280406741
3,7.4625,-0.145516674325412,-0.946153202928936
3,7.47375,-0.172168579584459,-0.941899442654797
3,7.485,-0.198583068361756,-0.936911672308668
3,7.49625,-0.224742146983767,-0.931202885601215
3,7.5075,-0.250628391515908,-0.924786379251011
3,7.51875,-0.276224948891466,-0.917675734618732
3,7.53,-0.30151553757465,-0.909884798989415
3,7.54125,-0.326484447667124,-0.901427666550003
3,7.5525,-0.351116540377267,-0.892318659119484
3,7.56375,-0.375397246782429,-0.882572306697433
3,7.575,-0.399312565825205,-0.872203327903831
3,7.58625,-0.422849061496265,-0.861226610388479
3,7.5975,-0.445993859167682,-0.849657191292363
3,7.60875,-0.468734641052014,-0.837510237845953
3,7.62,-0.491059640773507,-0.824801028190758
3,7.63125,-0.512957637048745,-0.811544932510454
3,7.6425,-0.534417946484271,-0.797757394556987
3,7.65375,-0.555430415508752,-0.78345391365475
3,7.665,-0.575985411466403,-0.768650027263037
3,7.67625,-0.596073812907059,-0.753361294173039
3,7.6875,-0.615686999116211,-0.737603278410952
3,7.69875,-0.634816838935371,-0.721391533913651
3,7.71,-0.653455678929666,-0.704741590037443
3,7.72125,-0.67159633096509,-0.687668937954309
3,7.7325,-0.689232059262629,-0.670189017983456
3,7.74375,-0.706356567000662,-0.652317207899161
3,7.755,-0.722963982540226,-0.634068812248908
3,7.76625,-0.739048845350272,-0.615459052708875
3,7.7775,-0.754606091712008,-0.596503059496516
3,7.78875,-0.769631040282467,-0.577215863853161
3,7.8,-0.784119377598002,-0.55761239160245
3,7.81125,-0.798067143598389,-0.537707457783626
3,7.8225,-0.811470717251504,-0.517515762352165
3,7.83375,-0.82432680235744,-0.497051886933738
3,7.845,-0.836632413609304,-0.476330292611324
3,7.85625,-0.848384862985854,-0.455365318719478
3,7.8675,-0.859581746548694,-0.434171182614108
3,7.87875,-0.870220931713969,-0.412761980380807
3,7.89,-0.880300545065377,-0.391151688439807
3,7.90125,-0.889818960771867,-0.369354166000949
3,7.9125,-0.898774789669877,-0.347383158317669
3,7.92375,-0.907166869065951,-0.325252300684899
3,7.935,-0.914994253311633,-0.302975123122162
3,7.94625,-0.922256205198293,-0.280565055679471
3,7.9575,-0.928952188215085,-0.258035434300634
3,7.96875,-0.93508185970882,-0.235399507175644
3,7.98,-0.94064506497985,-0.21267044151115
3,7.99125,-0.945641832343297,-0.189861330645763
3,8.0025,-0.950072369180127,-0.166985201434786
3,8.01375,-0.953937058997624,-0.144055021827225
3,8.025,-0.957236459513672,-0.121083708556316
3,8.03625,-0.959971301774249,-0.0980841348634361
3,8.0475,-0.962142490308152,-0.0750691381744582
3,8.05875,-0.963751104317683,-0.0520515276464151
3,8.07,-0.964798399898614,-0.0290440915023165
3,8.08125,-0.965285813277164,-0.00605960407122329
3,8.0925,-0.965214965046125,0.0168891675489097
3,8.10375,-0.964587665376526,0.039789457287965
3,8.115,-0.963405920175481,0.0626284944415263
3,8.12625,-0.961671938154818,0.0853934986305683
3,8.1375,-0.959388138769399,0.10807167546215
3,8.14875,-0.956557160977671,0.130650212968713
3,8.16,-0.953181872771216,0.153116278901189
3,8.17125,-0.949265381413825,0.175457018948951
3,8.1825,-0.944811044324508,0.197659555956052
3,8.19375,-0.9398224805329,0.219710990200302
3,8.205,-0.934303582629434,0.241598400797115
3,8.21625,-0.928258529126738,0.263308848286005
3,8.2275,-0.92169179714304,0.284829378452204
3,8.23875,-0.914608175312731,0.306147027430396
3,8.25,-0.907012776823937,0.3272488281312
3,8.26125,-0.899267619215733,0.347995586894614
3,8.2725,-0.89106638383858,0.368517183423383
3,8.28375,-0.882415916427093,0.388804423145814
3,8.295,-0.87332322156559,0.408848312371055
3,8.30625,-0.863795457191444,0.428640059839647
3,8.3175,-0.853839929145722,0.448171078153212
3,8.32875,-0.843464085771756,0.467432985087066
3,8.34,-0.832675512562034,0.486417604789539
3,8.35125,-0.8214819268538,0.505116968871473
3,8.3625,-0.809891172573521,0.523523317389398
3,8.37375,-0.797911215030377,0.541629099725544
3,8.385,-0.785550135758773,0.559426975367821
3,8.39625,-0.772816127409868,0.576909814592627
3,8.4075,-0.759717488691956,0.594070699053374
3,8.41875,-0.746262619359587,0.610902922277231
3,8.43,-0.732460015251157,0.627399990072715
3,8.44125,-0.71831826337481,0.643555620850319
3,8.4525,-0.703846037042275,0.659363745858556
3,8.46375,-0.689052091050437,0.674818509337373
3,8.475,-0.673945256910266,0.689914268591004
3,8.48625,-0.658534438122879,0.704645593982006
3,8.4975,-0.642828605502336,0.719007268848306
3,8.50875,-0.626836792544963,0.732994289344812
3,8.52,-0.610568090844838,0.746601864211165
3,8.53125,-0.594031645555272,0.759825414466998
3,8.5425,-0.577236650895929,0.772660573036124
3,8.55375,-0.560192345705469,0.785103184300834
3,8.565,-0.54290800903949,0.797149303587518
3,8.57625,-0.525392955813585,0.808795196584732
3,8.5875,-0.50765653249149,0.820037338694701
3,8.59875,-0.489708112818145,0.830872414319301
3,8.61,-0.471557093597692,0.841297316081419
3,8.62125,-0.453212890516407,0.851309143982564
3,8.6325,-0.434684934010596,0.860905204497597
3,8.64375,-0.415982665179554,0.870083009607357
3,8.655,-0.39711553174373,0.878840275769971
3,8.66625,-0.378092984048242,0.887174922831598
3,8.6775,-0.358924471112002,0.895085072877307
3,8.68875,-0.339619436722677,0.902569049022834
3,8.7,-0.320187315577799,0.909625374147884
3,8.71125,-0.300637529472377,0.916252769571692
3,8.7225,-0.280979483533362,0.922450153671516
3,8.73375,-0.261222562501408,0.928216640444761
3,8.745,-0.241376127060368,0.933551538015424
3,8.75625,-0.221449510215007,0.938454347085561
3,8.7675,-0.20145201371746,0.942924759332502
3,8.77875,-0.181392904542942,0.946962655752529
3,8.79,-0.161281411415335,0.950568104951781
3,8.80125,-0.14112672138319,0.953741361385141
3,8.8125,-0.120937976446786,0.956482863543907
3,8.82375,-0.100724270236871,0.958793232093063
3,8.835,-0.0804946447457215,0.960673267958987
3,8.84625,-0.0602580871111771,0.962123950368476
3,8.8575,-0.0400235264543339,0.963146434839992
3,8.86875,-0.0197998307715382,0.963742051128056
3,8.88,0.000404196118621651,0.963912301121765
3,8.89125,0.0205798175726598,0.963658856698424
3,8.9025,0.0407183670632177,0.962983557533336
3,8.91375,0.0608112510630784,0.9618884088668
3,8.925,0.0808499518715393,0.960375579229444
3,8.93625,0.100826030382491,0.958447398127002
3,8.9475,0.120731128793566,0.956106353685718
3,8.95875,0.140556973255787,0.953355090259573
3,8.97,0.160295376463065,0.950196406000576
3,8.98125,0.179938240181032,0.946633250393368
3,8.9925,0.199477557714659,0.94266872175545
3,9.00375,0.218905416314113,0.938306064704358
3,9.015,0.238213999518438,0.933548667593128
3,9.02625,0.257395589436546,0.928400059915431
3,9.0375,0.276442568965139,0.922863909681797
3,9.04875,0.295347423943192,0.916944020768333
3,9.06,0.314102745242634,0.9106443302394
3,9.07125,0.332701230794951,0.903968905645701
3,9.0825,0.351135687553449,0.896921942299281
3,9.09375,0.369399033390972,0.889507760526917
3,9.105,0.387484298932883,0.881730802903431
3,9.11625,0.405384629325232,0.873595631466435
3,9.1275,0.423093285937987,0.865106924914038
3,9.13875,0.440603648003343,0.856269475787061
3,9.15,0.457909214189103,0.847088187637287
3,9.16125,0.47500360410722,0.837568072183294
3,9.1725,0.491880559757597,0.827714246455413
3,9.18375,0.508533946907341,0.817531929931331
3,9.195,0.524957756405673,0.807026441663884
3,9.20625,0.541146105434762,0.796203197402548
3,9.2175,0.557093238696802,0.785067706710135
3,9.22875,0.572793529537701,0.773625570076197
3,9.24,0.588241481007787,0.761882476028611
3,9.25125,0.603431726860007,0.749844198244786
3,9.2625,0.618359032486104,0.73751659266396
3,9.27375,0.633018295791347,0.724905594601979
3,9.285,0.647404548008403,0.712017215869949
3,9.29625,0.66151295445099,0.698857541898125
3,9.3075,0.675338815207992,0.685432728866378
3,9.31875,0.688877565778788,0.671749000842504
3,9.33,0.702124777650515,0.657812646929691
3,9.34125,0.715076158818104,0.643630018424323
3,9.3525,0.727727554247907,0.62920752598535
3,9.36375,0.740074946285794,0.614551636816364
3,9.375,0.752114455010627,0.599668871861482
3,9.38625,0.763842338534045,0.584565803016125
3,9.3975,0.775254993247511,0.569249050353722
3,9.40875,0.786348954017632,0.55372527936929
3,9.42,0.797120894330745,0.538001198240885
3,9.43125,0.807567626387831,0.52208355510974
3,9.4425,0.817686101150774,0.505979135380014
3,9.45375,0.827473408341071,0.489694759038889
3,9.465,0.836926776392086,0.473237277997761
3,9.47625,0.846043572355894,0.456613573455293
3,9.4875,0.854821301765906,0.439830553282861
3,9.49875,0.863257608456325,0.422895149433115
3,9.51,0.871350274339591,0.405814315372098
3,9.52125,0.879097219142957,0.38859502353548
3,9.5325,0.886496500105271,0.371244262809347
3,9.54375,0.893546311635158,0.353769036035905
3,9.555,0.900244984931662,0.33617635754451
3,9.56625,0.906590987568524,0.318473250708252
3,9.5775,0.912582923043158,0.30066674552639
3,9.58875,0.918219530291437,0.282763876232832
3,9.6,0.923499683169391,0.264771678930785
3,9.61125,0.928422389902858,0.246697189253739
3,9.6225,0.932986792506154,0.228547440052777
3,9.63375,0.937192166170798,0.210329459110298
3,9.645,0.941037918625287,0.192050266880087
3,9.65625,0.944523589466926,0.173716874253649
3,9.6675,0.947648849466652,0.155336280352787
3,9.67875,0.950413499847806,0.136915470348165
3,9.69,0.952817471539744,0.118461413303753
3,9.70125,0.954860824407164,0.0999810600469207
3,9.7125,0.95654374645599,0.0814813410638857
3,9.72375,0.957866553016615,0.0629691644203123
3,9.735,0.958829685905284,0.0444514137066524
3,9.74625,0.959433712564331,0.0259349460079834
3,9.7575,0.959679325181992,0.0074265898978906
3,9.76875,0.959567339792426,-0.0110668565439566
3,9.78,0.959098695356569,-0.0295386276909234
3,9.79125,0.9582744528244,-0.0479819923057402
3,9.8025,0.957095794179137,-0.0663902554543839
3,9.81375,0.955564021463871,-0.0847567603980761
3,9.825,0.953680555791055,-0.103074890463833
3,9.83625,0.951446936335283,-0.121338070894025
3,9.8475,0.948864819309671,-0.139539770675537
3,9.85875,0.945935976926199,-0.157673504348906
3,9.87,0.942662296340238,-0.175732833798053
3,9.88125,0.939045778579499,-0.193711370021078
3,9.8925,0.935088537457586,-0.211602774882577
3,9.90375,0.930792798472255,-0.229400762848059
3,9.915,0.926160897688497,-0.247099102700903
3,9.92625,0.921195280606455,-0.264691619242356
3,9.9375,0.915898501014179,-0.282172194975067
3,9.94875,0.910273219825185,-0.299534771770553
3,9.96,0.904322203900694,-0.316773352521131
3,9.97125,0.898048324856455,-0.333882002776652
3,9.9825,0.891454557853948,-0.35085485236648
3,9.99375,0.884543980375757,-0.367686097007126
3,10.005,0.877319770984884,-0.384369999895798
3,10.01625,0.869785208067675,-0.400900893290293
3,10.0275,0.861943668560065,-0.417273180075446
3,10.03875,0.853798626656757,-0.433481335316451
3,10.05,0.845353652502946,-0.449519907799242
3,10.06125,0.836612410868195,-0.465383521558126
3,10.0725,0.827578659801937,-0.481066877390871
3,10.08375,0.818256249270212,-0.496564754361257
3,10.095,0.808649119773046,-0.511872011289276
3,10.10625,0.79876130094202,-0.526983588228881
3,10.1175,0.788596910117422,-0.541894507933385
3,10.12875,0.778160150904436,-0.556599877308333
3,10.14,0.767455311707804,-0.571094888851785
3,10.15125,0.756486764244324,-0.585374822081837
3,10.1625,0.745258962032623,-0.599435044951133
3,10.17375,0.733776438859546,-0.613271015248116
3,10.185,0.722043807222578,-0.626878281984711
3,10.19625,0.710065756747676,-0.640252486769977
3,10.2075,0.697847052581852,-0.653389365169424
3,10.21875,0.685392533759953,-0.66628474804938
3,10.23,0.672707111544985,-0.678934562905914
3,10.24125,0.659795767741383,-0.691334835177761
3,10.2525,0.646663552980694,-0.703481689542468
3,10.26375,0.633315584979028,-0.71537135119519
3,10.275,0.619757046765805,-0.727000147109245
3,10.28625,0.605993184883222,-0.738364507277681
3,10.2975,0.592029307555956,-0.749460965934951
3,10.30875,0.577870782830672,-0.760286162757727
3,10.32,0.563523036684824,-0.770836844043936
3,10.33125,0.548991551104441,-0.781109863868916
3,10.3425,0.534281862130476,-0.791102185217624
3,10.35375,0.519399557873403,-0.800810881091784
3,10.365,0.504350276495868,-0.810233135590712
3,10.37625,0.489139704163045,-0.819366244964689
3,10.3875,0.473773572960668,-0.828207618639502
3,10.39875,0.458257658780525,-0.836754780210899
3,10.41,0.442597779173377,-0.845005368407598
3,10.42125,0.426799791169385,-0.852957138021382
3,10.4325,0.410869589065985,-0.860607960802963
3,10.44375,0.39481310218348,-0.86795582632204
3,10.455,0.378636292588446,-0.874998842790144
3,10.46625,0.362345152785298,-0.881735237844709
3,10.4775,0.345945703376354,-0.888163359292827
3,10.48875,0.329443990690778,-0.894281675813174
3,10.5,0.312846084382991,-0.900088777614476
3.25,6,-0.0567110285704927,3.86985488361251e-17
3.25,6.01125,-0.0589694129728323,-1.70900285535079e-05
3.25,6.0225,-0.061361766228344,-3.41920422783441e-05
3.25,6.03375,-0.0638983577878608,-5.09749271825087e-05
3.25,6.045,-0.0665904871177123,-6.70993005452509e-05
3.25,6.05625,-0.0694506219764971,-8.22220807069185e-05
3.25,6.0675,-0.0724925603089227,-9.60020171528105e-05
3.25,6.07875,-0.0757316205748485,-0.000108106266835969
3.25,6.09,-0.07918486646741,-0.000118218089475466
3.25,6.10125,-0.0828713734165511,-0.000126045711941345
3.25,6.1125,-0.0868125461183911,-0.000131332376576211
3.25,6.12375,-0.091032498705325,-0.000133867536375767
3.25,6.135,-0.0955585122526579,-0.000133499086340677
3.25,6.14625,-0.100421588348492,-0.000130146418983533
3.25,6.1575,-0.105657122774868,-0.000123813955721153
3.25,6.16875,-0.111305730441517,-0.000114604626511955
3.25,6.18,-0.117414262268833,-0.000102732538693137
3.25,6.19125,-0.124037067735509,-8.85337836887289e-05
3.25,6.2025,-0.131237574763649,-7.24739698431548e-05
3.25,6.21375,-0.13909028371542,-5.51506381658887e-05
3.25,6.225,-0.147683307872292,-3.72882214019253e-05
3.25,6.23625,-0.157121644043632,-1.97226687588636e-05
3.25,6.2475,-0.167531432074127,-3.3723318789984e-06
3.25,6.25875,-0.1790655741235,1.08087042982225e-05
3.25,6.27,-0.19191125526908,2.18987737910216e-05
3.25,6.28125,-0.206300172587484,2.91016888471581e-05
3.25,6.2925,-0.222522703258087,3.18664952888922e-05
3.25,6.30375,-0.240947935272137,3.00321371563428e-05
3.25,6.315,-0.262052652743491,2.39885023593264e-05
3.25,6.32625,-0.28646440396921,1.48336569682908e-05
3.25,6.3375,-0.315027464407868,4.48816808050364e-06
3.25,6.34875,-0.348907465454153,-4.30133737439738e-06
3.25,6.36,-0.389764278813637,-8.17753338658676e-06
3.25,6.37125,-0.44005185960106,-3.76405010081755e-06
3.25,6.3825,-0.50356960421397,1.1166948795095e-05
3.25,6.39375,-0.58655232488985,3.57672381495847e-05
3.25,6.405,-0.700033902102202,6.34522484241978e-05
3.25,6.41625,-0.86564585064202,7.92936066351111e-05
3.25,6.4275,-1.13255472712798,6.04877090747825e-05
3.25,6.43875,-1.64235865877096,-9.99928255266191e-06
3.25,6.45,-3.04282433999459,-6.20873819368258e-05
3.25,6.46125,-28.439292394983,0.0108402153911005
3.25,6.4725,3.51501261628052,-8.05448733714156e-05
3.25,6.48375,1.52177319323006,0.00084041004458268
3.25,6.495,0.870139950123669,0.00150015142062926
3.25,6.50625,0.487370765026899,-0.00379526389583037
3.25,6.5175,0.0971494233655208,0.109142416113572
3.25,6.52875,0.0241631587151956,0.407704135902647
3.25,6.54,0.0674006727591137,0.527424626208334
3.25,6.55125,0.111116338442402,0.597495208056609
3.25,6.5625,0.16021801692194,0.642039102770433
3.25,6.57375,0.211054276662923,0.668687123179269
3.25,6.585,0.261459898055512,0.683064509451271
3.25,6.59625,0.310813550153036,0.688668379941961
3.25,6.6075,0.358927093042324,0.687484140656058
3.25,6.61875,0.405614927487235,0.680705289612446
3.25,6.63,0.450645106612105,0.669167076603911
3.25,6.64125,0.493788863603307,0.653543468846222
3.25,6.6525,0.534863227186049,0.6344182008368
3.25,6.66375,0.573747000567301,0.612303819500524
3.25,6.675,0.610377057893369,0.587645382725598
3.25,6.68625,0.644735448780595,0.560823232966349
3.25,6.6975,0.676834752265819,0.532158591815539
3.25,6.70875,0.706705517778224,0.50192157815079
3.25,6.72,0.734387103950656,0.470340209270583
3.25,6.73125,0.759921842018306,0.437609112286613
3.25,6.7425,0.783351865250224,0.403897157616763
3.25,6.75375,0.804717815433858,0.3693536734149
3.25,6.765,0.824058722035333,0.334113210403859
3.25,6.77625,0.84141250935475,0.298299004715095
3.25,6.7875,0.856816751223319,0.262025366297585
3.25,6.79875,0.870309431992077,0.225399237705468
3.25,6.81,0.881929578664208,0.188521150110425
3.25,6.82125,0.891717703820268,0.151485768838653
3.25,6.8325,0.899716047950476,0.114382181109911
3.25,6.84375,0.905968639087175,0.0772940404595961
3.25,6.855,0.9105212027723,0.0402996488086125
3.25,6.86625,0.913420960931976,0.00347202957191927
3.25,6.8775,0.914716357649973,-0.0331209763281415
3.25,6.88875,0.914456745696772,-0.069416575664628
3.25,6.9,0.912692061789534,-0.105356844693686
3.25,6.91125,0.909472512145631,-0.140888510290846
3.25,6.9225,0.904848283717896,-0.175962697598054
3.25,6.93375,0.898869291005738,-0.210534653513386
3.25,6.945,0.891584963734669,-0.244563455946645
3.25,6.95625,0.883044077046195,-0.278011718303355
3.25,6.9675,0.873294623097665,-0.310845297557187
3.25,6.97875,0.862383721043647,-0.343033012833242
3.25,6.99,0.850357561131074,-0.374546379870496
3.25,7.00125,0.837261377960357,-0.405359365210083
3.25,7.0125,0.82313944771946,-0.435448162560262
3.25,7.02375,0.808035104275327,-0.464790992571594
3.25,7.035,0.791990769311275,-0.49336792623911
3.25,7.04625,0.775047992151635,-0.521160731335625
3.25,7.0575,0.757247495452851,-0.548152740659617
3.25,7.06875,0.738629223515944,-0.574328740435065
3.25,7.08,0.719232390552585,-0.599674876905832
3.25,7.09125,0.699095526791124,-0.624178579000384
3.25,7.1025,0.678256520822762,-0.647828494880938
3.25,7.11375,0.656752657051141,-0.670614440212081
3.25,7.125,0.634620647515793,-0.692527356069766
3.25,7.13625,0.611896657708954,-0.713559274543779
3.25,7.1475,0.588616326297628,-0.733703290252332
3.25,7.15875,0.564814778900618,-0.752953536173562
3.25,7.17,0.540526636257979,-0.771305162395677
3.25,7.18125,0.515786017271972,-0.788754316587807
3.25,7.1925,0.490626537499757,-0.805298125190175
3.25,7.20375,0.465081303743329,-0.820934674511079
3.25,7.215,0.439182905416631,-0.835662991095345
3.25,7.22625,0.412963403378545,-0.84948302089191
3.25,7.2375,0.386454316907667,-0.862395606895298
3.25,7.24875,0.359686609464618,-0.874402465066482
3.25,7.26,0.332690673844375,-0.885506158451898
3.25,7.27125,0.305496317267582,-0.895710069516036
3.25,7.2825,0.278132746899335,-0.905018370783132
3.25,7.29375,0.250628556219268,-0.913435993947993
3.25,7.305,0.223011712600009,-0.920968597665977
3.25,7.31625,0.195309546384215,-0.927622534268577
3.25,7.3275,0.167548741685073,-0.933404815675536
3.25,7.33875,0.139755329072666,-0.938323078787928
3.25,7.35,0.11195468025013,-0.942385550650728
3.25,7.36125,0.0841715047692794,-0.945601013669464
3.25,7.3725,0.0564298487868064,-0.947978771154652
3.25,7.38375,0.0287530958188513,-0.9495286134513
3.25,7.395,0.0011639694140988,-0.950260784889922
3.25,7.40625,-0.0263154623661914,-0.950185951771315
3.25,7.4175,-0.0536637807989359,-0.949315171570687
3.25,7.42875,-0.0808602088393198,-0.9476598635187
3.25,7.44,-0.10788460212429,-0.945231780688059
3.25,7.45125,-0.134717438824103,-0.942042983685405
3.25,7.4625,-0.161339808533089,-0.938105816019831
3.25,7.47375,-0.187733400392793,-0.933432881191905
3.25,7.485,-0.213880490639285,-0.92803702152103
3.25,7.49625,-0.239763929761964,-0.921931298704592
3.25,7.5075,-0.26536712945365,-0.9151289760799
3.25,7.51875,-0.29067404952209,-0.907643502539631
3.25,7.53,-0.315669184921513,-0.899488498033265
3.25,7.54125,-0.340337553049313,-0.890677740571309
3.25,7.5525,-0.364664681438824,-0.881225154635427
3.25,7.56375,-0.38863659596354,-0.871144800886487
3.25,7.575,-0.412239809652444,-0.860450867053407
3.25,7.58625,-0.435461312199531,-0.849157659879015
3.25,7.5975,-0.458288560234646,-0.837279597994231
3.25,7.60875,-0.480709468406259,-0.824831205589233
3.25,7.62,-0.50271240131105,-0.811827106749319
3.25,7.63125,-0.52428616628987,-0.798282020323942
3.25,7.6425,-0.54542000709478,-0.784210755199898
3.25,7.65375,-0.566103598418109,-0.769628205853337
3.25,7.665,-0.586327041261174,-0.754549348060667
3.25,7.67625,-0.606080859108437,-0.738989234654503
3.25,7.6875,-0.625355994861662,-0.72296299121833
3.25,7.69875,-0.644143808478616,-0.706485811621841
3.25,7.71,-0.662436075252217,-0.68957295330773
3.25,7.72125,-0.680224984658134,-0.672239732250547
3.25,7.7325,-0.697503139692435,-0.654501517518321
3.25,7.74375,-0.714263556615619,-0.63637372537797
3.25,7.755,-0.730499665015179,-0.617871812896516
3.25,7.76625,-0.746205308095835,-0.599011271000774
3.25,7.7775,-0.761374743104936,-0.579807616969206
3.25,7.78875,-0.776002641799665,-0.560276386340284
3.25,7.8,-0.790084090863139,-0.540433124232484
3.25,7.81125,-0.803614592177976,-0.520293376081139
3.25,7.8225,-0.816590062868187,-0.499872677807472
3.25,7.83375,-0.82900683502365,-0.479186545444564
3.25,7.845,-0.840861655025589,-0.458250464253869
3.25,7.85625,-0.852151682396426,-0.437079877374396
3.25,7.8675,-0.862874488103022,-0.415690174054212
3.25,7.87875,-0.873028052248701,-0.394096677521001
3.25,7.89,-0.882610761096214,-0.372314632554539
3.25,7.90125,-0.891621403371153,-0.350359192829516
3.25,7.9125,-0.90005916580302,-0.328245408101571
3.25,7.92375,-0.907923627869158,-0.305988211313372
3.25,7.935,-0.915214755714886,-0.28360240570045
3.25,7.94625,-0.921932895231545,-0.26110265197854
3.25,7.9575,-0.928078764282525,-0.238503455695614
3.25,7.96875,-0.933653444075571,-0.21581915483216
3.25,7.98,-0.938658369687981,-0.193063907732973
3.25,7.99125,-0.94309531975922,-0.170251681452687
3.25,8.0025,-0.94696640537323,-0.147396240595431
3.25,8.01375,-0.950274058160221,-0.124511136726645
3.25,8.025,-0.95302101765472,-0.101609698431953
3.25,8.03625,-0.955210317953279,-0.078705022094245
3.25,8.0475,-0.956845273721516,-0.0558099634563005
3.25,8.05875,-0.957929465605786,-0.0329371300311954
3.25,8.07,-0.958466725109919,-0.0100988744182981
3.25,8.08125,-0.958461119002224,0.0126927114231636
3.25,8.0925,-0.957916933321889,0.0354258008962016
3.25,8.10375,-0.956838657057559,0.0580888364430369
3.25,8.115,-0.955230965573859,0.0806705321419621
3.25,8.12625,-0.953098703863992,0.103159875195264
3.25,8.1375,-0.950446869708606,0.125546126285258
3.25,8.14875,-0.947280596822444,0.147818818781705
3.25,8.16,-0.943605138071412,0.169967756789594
3.25,8.17125,-0.939425848842978,0.191983012032528
3.25,8.1825,-0.934748170653284,0.213854919572243
3.25,8.19375,-0.929577615073694,0.23557407237081
3.25,8.205,-0.923919748059385,0.257131314707088
3.25,8.21625,-0.917780174761263,0.278517734464483
3.25,8.2275,-0.911164524901781,0.299724654311903
3.25,8.23875,-0.904078438793634,0.320743621804647
3.25,8.25,-0.896527554079015,0.341566398436454
3.25,8.26125,-0.888458469029152,0.362085912526591
3.25,8.2725,-0.879935814195847,0.382373883924988
3.25,8.28375,-0.870966720114525,0.402421150860548
3.25,8.295,-0.861558460820217,0.422218763836813
3.25,8.30625,-0.851718448125845,0.441757986387288
3.25,8.3175,-0.841454225886932,0.46103029575422
3.25,8.32875,-0.830773464237709,0.480027383491241
3.25,8.34,-0.819683953780749,0.498741155990174
3.25,8.35125,-0.808193599708878,0.517163734931761
3.25,8.3625,-0.796310415833563,0.53528745765983
3.25,8.37375,-0.784042518488416,0.55310487747786
3.25,8.385,-0.771398120269027,0.570608763866423
3.25,8.39625,-0.758385523560999,0.587792102619256
3.25,8.4075,-0.74501311379552,0.604648095895085
3.25,8.41875,-0.731289352355846,0.621170162181061
3.25,8.43,-0.717222769036401,0.637351936162595
3.25,8.44125,-0.702821953927857,0.653187268492405
3.25,8.4525,-0.688095548562876,0.668670225449528
3.25,8.46375,-0.673052236105173,0.683795088475662
3.25,8.475,-0.657700730292572,0.698556353572142
3.25,8.48625,-0.642049762745253,0.712948730534641
3.25,8.4975,-0.626108068109934,0.726967141994488
3.25,8.50875,-0.609884366311018,0.740606722223204
3.25,8.52,-0.593387340890336,0.753862815639492
3.25,8.53125,-0.576625611992238,0.766730974931822
3.25,8.5425,-0.559607701914753,0.779206958670943
3.25,8.55375,-0.542341990178512,0.791286728226603
3.25,8.565,-0.524836653555958,0.802966443709093
3.25,8.57625,-0.507099584098503,0.814242458505475
3.25,8.5875,-0.489138274266207,0.825111311731756
3.25,8.59875,-0.470959651641611,0.835569717499842
3.25,8.61,-0.452569834185653,0.845614549154952
3.25,8.62125,-0.433973756177794,0.855242815280829
3.25,8.6325,-0.415174575730751,0.864451621673285
3.25,8.64375,-0.396172696960176,0.873238108253152
3.25,8.655,-0.376964076279001,0.881599338689335
3.25,8.66625,-0.357537113073908,0.889532094669355
3.25,8.6775,-0.337866516543985,0.897032461487994
3.25,8.68875,-0.317900048055566,0.904094906595646
3.25,8.7,-0.297526156309831,0.910709942411164
3.25,8.71125,-0.276480206754033,0.916856979068346
3.25,8.7225,-0.253990507241,0.922475003216007
3.25,8.73375,-0.226597287098109,0.927251222121089
3.25,8.745,-0.106547836051581,0.912939180735582
3.25,8.75625,-0.226037239238213,0.93855608964503
3.25,8.7675,-0.193648535787388,0.942392714889029
3.25,8.77875,-0.169934554337916,0.945910317192135
3.25,8.79,-0.148084639301276,0.949054978271732
3.25,8.80125,-0.126925012500066,0.951795197274651
3.25,8.8125,-0.106092206196779,0.954118836788959
3.25,8.82375,-0.0854406127188332,0.956020773535946
3.25,8.835,-0.0649034876017296,0.957498880463103
3.25,8.84625,-0.0444483033819543,0.958552528242395
3.25,8.8575,-0.0240593279803978,0.959181945732031
3.25,8.86875,-0.00372984549854768,0.959387916040199
3.25,8.88,0.0165416818436908,0.959171619060347
3.25,8.89125,0.0367536593954826,0.958534543840228
3.25,8.9025,0.0569025199877111,0.957478436712723
3.25,8.91375,0.0769834158975611,0.956005268848359
3.25,8.925,0.0969906496516135,0.954117214885241
3.25,8.93625,0.116917952210642,0.95181663814399
3.25,8.9475,0.136758668401687,0.949106079897665
3.25,8.95875,0.156505884040592,0.945988251215387
3.25,8.97,0.176152515298823,0.942466026482656
3.25,8.98125,0.195691372977817,0.938542438038809
3.25,8.9925,0.215115209715223,0.934220671573374
3.25,9.00375,0.234416755336673,0.929504062046581
3.25,9.015,0.253588743817091,0.924396089977015
3.25,9.02625,0.272623934199897,0.918900377989465
3.25,9.0375,0.291515127095462,0.913020687548943
3.25,9.04875,0.310255177896893,0.90676091582886
3.25,9.06,0.328837007524276,0.900125092676391
3.25,9.07125,0.347253611283523,0.89311737764845
3.25,9.0825,0.36549806626891,0.88574205709898
3.25,9.09375,0.383563537627141,0.878003541303482
3.25,9.105,0.401443283920962,0.86990636161041
3.25,9.11625,0.419130661772488,0.861455167611805
3.25,9.1275,0.436619129923815,0.852654724327529
3.25,9.13875,0.453902252821046,0.843509909398952
3.25,9.15,0.47097370380418,0.834025710289045
3.25,9.16125,0.487827267967531,0.824207221486678
3.25,9.1725,0.504456844741702,0.814059641713559
3.25,9.18375,0.520856450237753,0.80358827113273
3.25,9.195,0.537020219386067,0.792798508557902
3.25,9.20625,0.552942407896146,0.78169584866323
3.25,9.2175,0.568617394058625,0.770285879193303
3.25,9.22875,0.584039680406868,0.758574278173347
3.25,9.24,0.599203895252431,0.746566811119728
3.25,9.25125,0.614104794106188,0.734269328250982
3.25,9.2625,0.628737260994898,0.721687761699665
3.25,9.27375,0.643096309681429,0.708828122725376
3.25,9.285,0.657177084795499,0.695696498929359
3.25,9.29625,0.670974862880761,0.682299051471139
3.25,9.3075,0.684485053363162,0.668642012287654
3.25,9.31875,0.697703199444797,0.654731681315378
3.25,9.33,0.710624978926884,0.640574423715973
3.25,9.34125,0.723246204964985,0.626176667105955
3.25,9.3525,0.735562826759174,0.611544898790947
3.25,9.36375,0.747570930181545,0.596685663005045
3.25,9.375,0.759266738343126,0.581605558155837
3.25,9.38625,0.77064661210203,0.566311234075631
3.25,9.3975,0.781707050514471,0.550809389279465
3.25,9.40875,0.792444691230109,0.535106768230409
3.25,9.42,0.802856310833009,0.51921015861276
3.25,9.43125,0.812938825129398,0.50312638861364
3.25,9.4425,0.822689289383285,0.4868623242136
3.25,9.45375,0.832104898500907,0.470424866486756
3.25,9.465,0.841182987164921,0.453820948910982
3.25,9.47625,0.849921029919109,0.43705753468881
3.25,9.4875,0.858316641204435,0.420141614079477
3.25,9.49875,0.866367575347086,0.40308020174277
3.25,9.51,0.874071726499233,0.385880334095163
3.25,9.52125,0.881427128533112,0.368549066678826
3.25,9.5325,0.888431954889007,0.351093471544085
3.25,9.54375,0.895084518377754,0.333520634645835
3.25,9.555,0.90138327093826,0.315837653254542
3.25,9.56625,0.907326803350611,0.298051633382321
3.25,9.5775,0.912913844905261,0.280169687224691
3.25,9.58875,0.918143263028786,0.262198930618584
3.25,9.6,0.923014062866735,0.244146480517115
3.25,9.61125,0.927525386824006,0.226019452481766
3.25,9.6225,0.931676514063273,0.207824958192446
3.25,9.63375,0.935466859961886,0.189570102976097
3.25,9.645,0.938895975527761,0.171261983354345
3.25,9.65625,0.941963546774684,0.152907684610771
3.25,9.6675,0.944669394057527,0.134514278378436
3.25,9.67875,0.947013471367844,0.116088820248138
3.25,9.69,0.948995865590301,0.0976383473980316
3.25,9.70125,0.950616795720455,0.0791698762451758
3.25,9.7125,0.951876612044335,0.0606904001195325
3.25,9.72375,0.952775795280341,0.0422068869610539
3.25,9.735,0.953314955683955,0.0237262770403431
3.25,9.74625,0.953494832115761,0.00525548070353187
3.25,9.7575,0.953316291073322,-0.0131986238581379
3.25,9.76875,0.952780325687416,-0.0316291928134437
3.25,9.78,0.951888054683186,-0.0500294188704377
3.25,9.79125,0.950640721306748,-0.0683925334293712
3.25,9.8025,0.949039692217838,-0.0867118087086395
3.25,9.81375,0.947086456349045,-0.104980559843302
3.25,9.825,0.944782623732241,-0.123192146955623
3.25,9.83625,0.942129924292815,-0.141339977197078
3.25,9.8475,0.939130206612291,-0.159417506761397
3.25,9.85875,0.935785436660002,-0.177418242868055
3.25,9.87,0.932097696494436,-0.195335745715786
3.25,9.88125,0.928069182934898,-0.213163630405641
3.25,9.8925,0.923702206204195,-0.230895568833072
3.25,9.90375,0.91899918854299,-0.248525291548651
3.25,9.915,0.913962662796524,-0.266046589586948
3.25,9.92625,0.908595270974443,-0.283453316263162
3.25,9.9375,0.902899762784402,-0.300739388937112
3.25,9.94875,0.896878994140221,-0.317898790744137
3.25,9.96,0.890535925645327,-0.334925572292629
3.25,9.97125,0.883873621052206,-0.351813853327734
3.25,9.9825,0.876895245698687,-0.36855782436097
3.25,9.99375,0.869604064921775,-0.385151748265424
3.25,10.005,0.86200344244988,-0.401589961836177
3.25,10.01625,0.854096838774177,-0.417866877315779
3.25,10.0275,0.845887809499959,-0.43397698388442
3.25,10.03875,0.837380003678743,-0.449914849114642
3.25,10.05,0.828577162121976,-0.465675120390355
3.25,10.06125,0.81948311569718,-0.481252526289934
3.25,10.0725,0.810101783607305,-0.496641877933332
3.25,10.08375,0.800437171654203,-0.511838070292951
3.25,10.095,0.790493370486984,-0.526836083468289
3.25,10.10625,0.780274553836152,-0.541630983924138
3.25,10.1175,0.769784976734314,-0.556217925692411
3.25,10.12875,0.759028973724324,-0.57059215153747
3.25,10.14,0.748010957055712,-0.58474899408496
3.25,10.15125,0.736735414870181,-0.598683876914227
3.25,10.1625,0.725206909377077,-0.612392315614272
3.25,10.17375,0.713430075019588,-0.625869918803406
3.25,10.185,0.701409616632532,-0.639112389112644
3.25,10.19625,0.689150307592556,-0.652115524132951
3.25,10.2075,0.676656987961497,-0.664875217326585
3.25,10.21875,0.663934562623771,-0.677387458902582
3.25,10.23,0.65098799941852,-0.689648336656693
3.25,10.24125,0.6378223272673,-0.701654036775959
3.25,10.2525,0.624442634298108,-0.713400844608156
3.25,10.26375,0.610854065966414,-0.724885145396455
3.25,10.275,0.597061823174019,-0.736103424979517
3.25,10.28625,0.583071160386372,-0.747052270457419
3.25,10.2975,0.568887383749068,-0.757728370823737
3.25,10.30875,0.554515849204243,-0.76812851756412
3.25,10.32,0.539961960607416,-0.778249605221832
3.25,10.33125,0.525231167845537,-0.788088631930585
3.25,10.3425,0.510328964956747,-0.797642699915154
3.25,10.35375,0.495260888252465,-0.806909015960229
3.25,10.365,0.480032514442428,-0.815884891847921
3.25,10.37625,0.464649458763084,-0.824567744764476
3.25,10.3875,0.449117373109995,-0.832955097676648
3.25,10.39875,0.433441944174629,-0.84104457967827
3.25,10.41,0.417628891586003,-0.848833926307573
3.25,10.42125,0.401683966057683,-0.856320979835723
3.25,10.4325,0.38561294754041,-0.863503689527236
3.25,10.44375,0.369421643380835,-0.870380111872712
3.25,10.455,0.3531158864866,-0.876948410794564
3.25,10.46625,0.336701533498115,-0.88320685782624
3.25,10.4775,0.320184462967316,-0.889153832265541
3.25,10.48875,0.303570573543572,-0.894787821302651
3.25,10.5,0.286865782167029,-0.900107420123384
3.5,6,-0.0578157137484015,0
3.5,6.01125,-0.0601598295497756,-1.21934572241396e-07
3.5,6.0225,-0.0626407873364624,-3.17140851715853e-07
3.5,6.03375,-0.0652694738904754,-5.46231635249059e-07
3.5,6.045,-0.068057922242969,-7.71898774887237e-07
3.5,6.05625,-0.0710194672170836,-9.59918624102518e-07
3.5,6.0675,-0.0741689271656284,-1.08024424986662e-06
3.5,6.07875,-0.0775228172063053,-1.10816608052817e-06
3.5,6.09,-0.081099600522676,-1.0255130664945e-06
3.5,6.10125,-0.0849199859165169,-8.21854431469836e-07
3.5,6.1125,-0.0890072818797687,-4.95647395377453e-07
3.5,6.12375,-0.0933878201565311,-5.52585983929075e-08
3.5,6.135,-0.0980914653011263,4.80233734305177e-07
3.5,6.14625,-0.103152231405103,1.08057337561419e-06
3.5,6.1575,-0.108609033384455,1.70433767009614e-06
3.5,6.16875,-0.114506608587907,2.29959590409688e-06
3.5,6.18,-0.12089665587394,2.80540818103894e-06
3.5,6.19125,-0.127839254975827,3.15437754585895e-06
3.5,6.2025,-0.135404650811453,3.27647463517647e-06
3.5,6.21375,-0.14367551823248,3.10433803656655e-06
3.5,6.225,-0.152749866886082,2.5801998646765e-06
3.5,6.23625,-0.162744810146814,1.66447341329571e-06
3.5,6.2475,-0.173801517212534,3.4583852427583e-07
3.5,6.25875,-0.186091810876374,-1.34766880353074e-06
3.5,6.27,-0.19982709410804,-3.33756227297264e-06
3.5,6.28125,-0.215270635612096,-5.48554567639649e-06
3.5,6.2925,-0.232754804069313,-7.588651120417e-06
3.5,6.30375,-0.252705768162546,-9.38296788964464e-06
3.5,6.315,-0.275679764992966,-1.056161871674e-05
3.5,6.32625,-0.302417847127521,-1.08141543636022e-05
3.5,6.3375,-0.3339311945094,-9.89526437009496e-06
3.5,6.34875,-0.371639074511036,-7.72899851573821e-06
3.5,6.36,-0.417601924879408,-4.54718573684361e-06
3.5,6.37125,-0.474936416976565,-1.04087566354299e-06
3.5,6.3825,-0.548603860347933,1.54069289752453e-06
3.5,6.39375,-0.647034590793619,1.49911694808661e-06
3.5,6.405,-0.785848895260179,-2.6697875709873e-06
3.5,6.41625,-0.997709016398922,-1.04645284584238e-05
3.5,6.4275,-1.36459271700755,-1.52161277404695e-05
3.5,6.43875,-2.16859930977382,4.70072788475813e-06
3.5,6.45,-5.47310031697076,8.50212482266635e-05
3.5,6.46125,9.1047933373081,-0.000864834556511498
3.5,6.4725,2.3265300146908,0.000158927727849034
3.5,6.48375,1.24298323761856,0.000441984605261229
3.5,6.495,0.766732074084668,0.000116294752658766
3.5,6.50625,0.448965970482706,0.00261082257684314
3.5,6.5175,0.13006854019534,0.0767152465758204
3.5,6.52875,-0.0180279323341556,0.37989560493988
3.5,6.54,0.0704547626468735,0.52650696333222
3.5,6.55125,0.124973925781597,0.580536251268253
3.5,6.5625,0.170909739392136,0.620112234892082
3.5,6.57375,0.220105357627326,0.64734133564508
3.5,6.585,0.270760807620518,0.662375454535909
3.5,6.59625,0.320482913427337,0.667665362934932
3.5,6.6075,0.368316080793638,0.665733368496823
3.5,6.61875,0.41412699467921,0.658329646441377
3.5,6.63,0.457995683083201,0.646513514688081
3.5,6.64125,0.499962745030466,0.630935789162665
3.5,6.6525,0.539988007625382,0.612055449906962
3.5,6.66375,0.577983915610732,0.590256220150741
3.5,6.675,0.613856904909092,0.565893330799581
3.5,6.68625,0.647534669588584,0.539303842986988
3.5,6.6975,0.678977363404566,0.510802807403674
3.5,6.70875,0.708177445498841,0.480677009315976
3.5,6.72,0.735153586693275,0.449181090540844
3.5,6.73125,0.759942698340691,0.416537061468213
3.5,6.7425,0.782592488387983,0.382936558776782
3.5,6.75375,0.803155635707264,0.348544738962954
3.5,6.765,0.821685830507601,0.31350479231458
3.5,6.77625,0.838235479113783,0.277942349784776
3.5,6.7875,0.852854689902267,0.241969354341928
3.5,6.79875,0.865591132450471,0.205687206856695
3.5,6.81,0.876490414749703,0.169189159358605
3.5,6.82125,0.885596704505293,0.132562024987842
3.5,6.8325,0.892953403151769,0.0958873209739226
3.5,6.84375,0.898603752602665,0.0592419748216647
3.5,6.855,0.902591310611937,0.0226987176736874
3.5,6.86625,0.904960270987394,-0.0136737279987221
3.5,6.8775,0.905755631796037,-0.0498105803188606
3.5,6.88875,0.905023230835123,-0.0856509849090561
3.5,6.9,0.902809675704554,-0.121138011646182
3.5,6.91125,0.899162198184205,-0.156218632615845
3.5,6.9225,0.894128461250498,-0.190843665704371
3.5,6.93375,0.887756343482882,-0.224967678067672
3.5,6.945,0.880093720944026,-0.258548850574973
3.5,6.95625,0.871188261661804,-0.291548808714036
3.5,6.9675,0.861087243120669,-0.323932427867095
3.5,6.97875,0.849837398997122,-0.355667621804554
3.5,6.99,0.837484797904465,-0.386725123124229
3.5,7.00125,0.824074754190395,-0.417078263547703
3.5,7.0125,0.809651768828571,-0.446702760759901
3.5,7.02375,0.79425949708859,-0.47557651706325
3.5,7.035,0.777940738861601,-0.503679433673806
3.5,7.04625,0.760737447157674,-0.53099324312248
3.5,7.0575,0.742690750274766,-0.557501361007719
3.5,7.06875,0.723840983375842,-0.583188757314538
3.5,7.08,0.704227725620701,-0.608041846681119
3.5,7.09125,0.683889839515564,-0.632048396357121
3.5,7.1025,0.662865509713447,-0.655197450142912
3.5,7.11375,0.641192279080304,-0.677479266307679
3.5,7.125,0.618907080405414,-0.698885267333176
3.5,7.13625,0.596046262657724,-0.719407999295373
3.5,7.1475,0.572645611159021,-0.739041098755198
3.5,7.15875,0.548740361451166,-0.757779265160249
3.5,7.17,0.524365206975083,-0.775618236942087
3.5,7.18125,0.499554300953229,-0.792554769711607
3.5,7.1925,0.474341253077682,-0.808586615193224
3.5,7.20375,0.448759121757001,-0.823712499784594
3.5,7.215,0.42284040277194,-0.83793210187301
3.5,7.22625,0.396617015239779,-0.851246027273716
3.5,7.2375,0.370120285795459,-0.863655782373674
3.5,7.24875,0.343380931871941,-0.875163744762366
3.5,7.26,0.316429044908811,-0.885773131305729
3.5,7.27125,0.289294074243197,-0.895487963769047
3.5,7.2825,0.262004812346159,-0.904313032218771
3.5,7.29375,0.234589381966547,-0.912253856531885
3.5,7.305,0.207075225637158,-0.919316646415791
3.5,7.31625,0.179489097888842,-0.925508260393023
3.5,7.3275,0.151857060410808,-0.930836164235405
3.5,7.33875,0.124204480292336,-0.935308389343563
3.5,7.35,0.0965560313845148,-0.938933491562512
3.5,7.36125,0.0689356987325383,-0.941720510904612
3.5,7.3725,0.041366785950692,-0.94367893261979
3.5,7.38375,0.0138719253437974,-0.944818650012365
3.5,7.395,-0.0135269094782703,-0.945149929355606
3.5,7.40625,-0.0408083887930017,-0.944683377202001
3.5,7.4175,-0.0679518101003101,-0.943429910330527
3.5,7.42875,-0.0949370799614258,-0.941400728513901
3.5,7.44,-0.121744694718654,-0.93860729023024
3.5,7.45125,-0.148355720479551,-0.935061291386036
3.5,7.4625,-0.17475177274786,-0.930774647061914
3.5,7.47375,-0.200914996074333,-0.925759476240186
3.5,7.485,-0.226828044085338,-0.920028089424422
3.5,7.49625,-0.252474060225945,-0.913592979016657
3.5,7.5075,-0.277836659528304,-0.906466812277882
3.5,7.51875,-0.302899911686185,-0.898662426662376
3.5,7.53,-0.327648325683548,-0.890192827286356
3.5,7.54125,-0.352066836189348,-0.881071186266557
3.5,7.5525,-0.376140791893482,-0.871310843644551
3.5,7.56375,-0.399855945920423,-0.860925309597854
3.5,7.575,-0.423198448417953,-0.849928267629219
3.5,7.58625,-0.44615484137954,-0.838333578420403
3.5,7.5975,-0.468712055720359,-0.82615528403652
3.5,7.60875,-0.490857410589527,-0.813407612170887
3.5,7.62,-0.512578614864841,-0.80010498012864
3.5,7.63125,-0.533863770742093,-0.786261998259219
3.5,7.6425,-0.554701379298597,-0.771893472563499
3.5,7.65375,-0.575080347880775,-0.757014406220126
3.5,7.665,-0.594989999138334,-0.741639999797382
3.5,7.67625,-0.614420081503381,-0.725785649941258
3.5,7.6875,-0.633360780891561,-0.709466946357005
3.5,7.69875,-0.651802733384433,-0.6926996669299
3.5,7.71,-0.669737038637922,-0.675499770860867
3.5,7.72125,-0.687155273750726,-0.657883389723696
3.5,7.7325,-0.704049507319215,-0.639866816382337
3.5,7.74375,-0.720412313401766,-0.621466491738808
3.5,7.755,-0.736236785115329,-0.60269898931413
3.5,7.76625,-0.751516547590384,-0.583580997696389
3.5,7.7775,-0.76624577001748,-0.564129300920364
3.5,7.78875,-0.780419176528529,-0.544360756872704
3.5,7.8,-0.794032055669314,-0.524292273844335
3.5,7.81125,-0.807080268235785,-0.50394078537759
3.5,7.8225,-0.819560253265289,-0.483323223579174
3.5,7.83375,-0.831469031994903,-0.462456491091325
3.5,7.845,-0.842804209621907,-0.441357431931792
3.5,7.85625,-0.853563974725956,-0.420042801428991
3.5,7.8675,-0.863747096238179,-0.398529235491143
3.5,7.87875,-0.873352917869144,-0.376833219457787
3.5,7.89,-0.882381349934545,-0.354971056788247
3.5,7.90125,-0.890832858544684,-0.332958837845149
3.5,7.9125,-0.898708452150608,-0.310812409030991
3.5,7.92375,-0.906009665466014,-0.288547342533329
3.5,7.935,-0.912738540809142,-0.266178906928597
3.5,7.94625,-0.918897606932882,-0.243722038886449
3.5,7.9575,-0.924489855433616,-0.221191316206368
3.5,7.96875,-0.929518714849852,-0.198600932405718
3.5,7.98,-0.933988022580258,-0.175964673064285
3.5,7.99125,-0.937901994767146,-0.153295894114733
3.5,8.0025,-0.94126519430546,-0.130607502251569
3.5,8.01375,-0.944082497149296,-0.107911937613671
3.5,8.025,-0.946359057097308,-0.0852211588773188
3.5,8.03625,-0.94810026924564,-0.0625466308783351
3.5,8.0475,-0.949311732301844,-0.0398993148640833
3.5,8.05875,-0.949999209956114,-0.0172896614579913
3.5,8.07,-0.950168591506908,0.0052723935971986
3.5,8.08125,-0.949825851937037,0.0277774308677632
3.5,8.0925,-0.94897701163371,0.050216545793715
3.5,8.10375,-0.947628095941917,0.0725813443683885
3.5,8.115,-0.945785094735525,0.0948639359232511
3.5,8.12625,-0.943453922184353,0.117056923018794
3.5,8.1375,-0.940640376888912,0.139153388450822
3.5,8.14875,-0.937350102547645,0.161146879388546
3.5,8.16,-0.933588549314446,0.183031388665674
3.5,8.17125,-0.92936093599771,0.204801333249466
3.5,8.1825,-0.924672213245932,0.226451529913784
3.5,8.19375,-0.919527027859669,0.247977168142708
3.5,8.205,-0.913929688365504,0.269373780289212
3.5,8.21625,-0.907884131984893,0.290637209010931
3.5,8.2275,-0.901393893129661,0.311763572000628
3.5,8.23875,-0.894462073556705,0.332749224024017
3.5,8.25,-0.887091314317476,0.353590716271673
3.5,8.26125,-0.878756703207827,0.37387053186598
3.5,8.2725,-0.869973835255063,0.393916725028981
3.5,8.28375,-0.860749832219992,0.413719884375516
3.5,8.295,-0.851091988069245,0.433270829317884
3.5,8.30625,-0.841007761381916,0.452560611395842
3.5,8.3175,-0.830504767880499,0.471580515381467
3.5,8.32875,-0.81959077309,0.490322060170002
3.5,8.34,-0.808273685128408,0.508776999467765
3.5,8.35125,-0.796561547631191,0.526937322287785
3.5,8.3625,-0.784462532811769,0.544795253263779
3.5,8.37375,-0.771984934659527,0.562343252792605
3.5,8.385,-0.759137162276295,0.57957401701518
3.5,8.39625,-0.745927733351875,0.596480477645397
3.5,8.4075,-0.73236526777858,0.613055801656425
3.5,8.41875,-0.718458481404548,0.629293390833243
3.5,8.43,-0.704216179925,0.645186881200102
3.5,8.44125,-0.689647252910497,0.660730142331044
3.5,8.4525,-0.674760667970668,0.675917276551505
3.5,8.46375,-0.659565465051857,0.690742618038387
3.5,8.475,-0.644070750866659,0.705200731825892
3.5,8.48625,-0.628285693453263,0.71928641272379
3.5,8.4975,-0.612219516862141,0.732994684154678
3.5,8.50875,-0.595881495967617,0.746320796916204
3.5,8.52,-0.579280951401529,0.759260227874062
3.5,8.53125,-0.562427244606244,0.771808678591049
3.5,8.5425,-0.545329773003951,0.783962073897301
3.5,8.55375,-0.52799796527932,0.795716560406322
3.5,8.565,-0.510441276772354,0.807068504981209
3.5,8.57625,-0.492669184978272,0.818014493155121
3.5,8.5875,-0.47469118515131,0.828551327509689
3.5,8.59875,-0.456516786009159,0.838676026014836
3.5,8.61,-0.438155505534882,0.848385820333134
3.5,8.62125,-0.419616866873138,0.857678154091547
3.5,8.6325,-0.400910394317538,0.866550681123174
3.5,8.64375,-0.382045609386022,0.875001263681322
3.5,8.655,-0.363032026981229,0.883027970627981
3.5,8.66625,-0.343879151632815,0.890629075598599
3.5,8.6775,-0.324596473818845,0.897803055144754
3.5,8.68875,-0.305193466363398,0.904548586856175
3.5,8.7,-0.285679580907625,0.910864547463332
3.5,8.71125,-0.266064244451637,0.916750010921649
3.5,8.7225,-0.246356855964629,0.922204246478201
3.5,8.73375,-0.226566783060832,0.927226716721627
3.5,8.745,-0.206703358738947,0.931817075615794
3.5,8.75625,-0.186775878182834,0.93597516651766
3.5,8.7675,-0.166793595621381,0.939701020179627
3.5,8.77875,-0.146765721245541,0.942994852736563
3.5,8.79,-0.126701418180719,0.945857063677579
3.5,8.80125,-0.106609799512751,0.948288233802544
3.5,8.8125,-0.0864999253658804,0.95028912316324
3.5,8.82375,-0.0663808000312441,0.951860668988987
3.5,8.835,-0.0462613691445014,0.953003983596513
3.5,8.84625,-0.0261505169113786,0.953720352283765
3.5,8.8575,-0.00605706338001599,0.954011231207342
3.5,8.86875,0.0140102382409022,0.953878245243187
3.5,8.88,0.0340427042190928,0.953323185830119
3.5,8.89125,0.0540317228914674,0.952348008795823
3.5,8.9025,0.0739687572134485,0.95095483216484
3.5,8.91375,0.0938453472653229,0.949145933948146
3.5,8.925,0.113653112716109,0.946923749913882
3.5,8.93625,0.133383755245264,0.944290871338814
3.5,8.9475,0.153029060922471,0.941250042740121
3.5,8.95875,0.172580902545706,0.93780415958712
3.5,8.97,0.19203124193759,0.933956265992567
3.5,8.98125,0.211372132200056,0.929709552383214
3.5,8.9925,0.230595719927235,0.925067353149314
3.5,9.00375,0.249694247376371,0.920033144272826
3.5,9.015,0.268660054596567,0.914610540934109
3.5,9.02625,0.28748558151504,0.908803295096933
3.5,9.0375,0.306163369980532,0.902615293071699
3.5,9.04875,0.324686065763495,0.896050553056791
3.5,9.06,0.343046420512561,0.889113222658061
3.5,9.07125,0.361237293666824,0.881807576386497
3.5,9.0825,0.379251654323404,0.874138013134159
3.5,9.09375,0.397082583059708,0.866109053628565
3.5,9.105,0.414723273709803,0.857725337865751
3.5,9.11625,0.432167035094305,0.848991622522269
3.5,9.1275,0.449407292703114,0.839912778346508
3.5,9.13875,0.4664375903304,0.830493787529698
3.5,9.15,0.483251591661146,0.82073974105711
3.5,9.16125,0.499843081808624,0.810655836039947
3.5,9.1725,0.516205968802135,0.800247373028547
3.5,9.18375,0.532334285024377,0.789519753307517
3.5,9.195,0.548222188597811,0.778478476173526
3.5,9.20625,0.563863964719387,0.767129136196506
3.5,9.2175,0.579254026943052,0.75547742046509
3.5,9.22875,0.59438691840944,0.743529105817142
3.5,9.24,0.609257313022202,0.731290056056319
3.5,9.25125,0.623860016570456,0.718766219155611
3.5,9.2625,0.638189967796852,0.705963624448892
3.5,9.27375,0.652242239410805,0.692888379811534
3.5,9.285,0.666012039046476,0.679546668831178
3.5,9.29625,0.679494710165127,0.665944747969805
3.5,9.3075,0.692685732901499,0.652088943718287
3.5,9.31875,0.705580724853962,0.637985649744591
3.5,9.33,0.718175441818144,0.623641324036911
3.5,9.34125,0.73046577846389,0.609062486042953
3.5,9.3525,0.742447768955389,0.59425571380667
3.5,9.36375,0.754117587514372,0.579227641103747
3.5,9.375,0.765471548926367,0.563984954577137
3.5,9.38625,0.776506108990008,0.548534390873996
3.5,9.3975,0.787217864909464,0.53288273378535
3.5,9.40875,0.797603555630142,0.517036811389815
3.5,9.42,0.807660062117805,0.501003493202763
3.5,9.43125,0.817384407581386,0.484789687332213
3.5,9.4425,0.826773757639742,0.468402337642862
3.5,9.45375,0.835825420432724,0.451848420929531
3.5,9.465,0.84453684667697,0.435134944101357
3.5,9.47625,0.852905629666828,0.418268941378097
3.5,9.4875,0.860929505220982,0.401257471499737
3.5,9.49875,0.868606351575264,0.384107614950784
3.5,9.51,0.875934189222331,0.366826471200405
3.5,9.52125,0.882911180698808,0.349421155959688
3.5,9.5325,0.889535630320622,0.331898798457213
3.5,9.54375,0.895805983867297,0.314266538734074
3.5,9.555,0.901720828215947,0.296531524959532
3.5,9.56625,0.907278890925863,0.278700910768348
3.5,9.5775,0.912479039774537,0.260781852620873
3.5,9.58875,0.917320282246029,0.242781507186949
3.5,9.6,0.921801764972646,0.224707028754528
3.5,9.61125,0.925922773130901,0.206565566664036
3.5,9.6225,0.929682729792758,0.188364262769272
3.5,9.63375,0.933081195233218,0.170110248925787
3.5,9.645,0.936117866195299,0.151810644507462
3.5,9.65625,0.9387925751135,0.133472553952055
3.5,9.6675,0.941105289296846,0.115103064336459
3.5,9.67875,0.943056110072669,0.0967092429822405
3.5,9.69,0.944645271892228,0.0782981350921191
3.5,9.70125,0.945873141399338,0.0598767614179074
3.5,9.7125,0.946740216463169,0.0414521159603804
3.5,9.72375,0.947247125176378,0.0230311637015723
3.5,9.735,0.947394624819727,0.00462083836981107
3.5,9.74625,0.947183600794402,-0.0137719597620956
3.5,9.7575,0.946615065523137,-0.0321403660453092
3.5,9.76875,0.945690157321364,-0.0504775535897895
3.5,9.78,0.944410139239507,-0.0687767353652868
3.5,9.79125,0.94277639787758,-0.0870311662684622
3.5,9.8025,0.940790442173216,-0.105234145155943
3.5,9.81375,0.938453902164248,-0.12337901684338
3.5,9.825,0.935768527726918,-0.141459174070489
3.5,9.83625,0.932736187290835,-0.159468059432105
3.5,9.8475,0.929358866531679,-0.177399167275453
3.5,9.85875,0.925638667042729,-0.195246045563672
3.5,9.87,0.921577804986187,-0.213002297705882
3.5,9.88125,0.917178609725274,-0.230661584354008
3.5,9.8925,0.912443522438052,-0.248217625166586
3.5,9.90375,0.907375094713855,-0.265664200539936
3.5,9.915,0.901975987133219,-0.282995153306993
3.5,9.92625,0.896248967832137,-0.300204390404198
3.5,9.9375,0.890196911051427,-0.317285884506873
3.5,9.94875,0.883822795671985,-0.334233675633466
3.5,9.96,0.877129703736609,-0.351041872719186
3.5,9.97125,0.8701208189591,-0.367704655159477
3.5,9.9825,0.862799425221234,-0.384216274323839
3.5,9.99375,0.855168905058194,-0.400571055040561
3.5,10.005,0.847232738133026,-0.416763397052825
3.5,10.01625,0.838994499700554,-0.432787776446828
3.5,10.0275,0.830457859061255,-0.448638747052402
3.5,10.03875,0.82162657800545,-0.464310941816767
3.5,10.05,0.81250450924816,-0.479799074151953
3.5,10.06125,0.803095594854965,-0.495097939256461
3.5,10.0725,0.793403864659054,-0.5102024154118
3.5,10.08375,0.78343343466974,-0.525107465254378
3.5,10.095,0.773188505472528,-0.53980813702342
3.5,10.10625,0.762673360620914,-0.55429956578536
3.5,10.1175,0.751892365019915,-0.568576974635357
3.5,10.12875,0.740849963301381,-0.5826356758764
3.5,10.14,0.729550678191077,-0.59647107217652
3.5,10.15125,0.71799910886741,-0.610078657704648
3.5,10.1625,0.706199929311744,-0.623454019245534
3.5,10.17375,0.694157886650107,-0.636592837294217
3.5,10.185,0.681877799486108,-0.649490887130454
3.5,10.19625,0.669364556224846,-0.662144039873467
3.5,10.2075,0.656623113387492,-0.674548263517424
3.5,10.21875,0.643658493916293,-0.686699623947926
3.5,10.23,0.630475785469625,-0.698594285939801
3.5,10.24125,0.617080138706704,-0.710228514136467
3.5,10.2525,0.603476765561628,-0.72159867401104
3.5,10.26375,0.589670937506216,-0.732701232809388
3.5,10.275,0.575667983801295,-0.743532760475201
3.5,10.28625,0.561473289735893,-0.75408993055719
3.5,10.2975,0.547092294853852,-0.764369521098422
3.5,10.30875,0.532530491167404,-0.774368415507746
3.5,10.32,0.517793421357099,-0.784083603413264
3.5,10.33125,0.502886676957637,-0.793512181497689
3.5,10.3425,0.487815896528998,-0.802651354315425
3.5,10.35375,0.472586763812337,-0.811498435091112
3.5,10.365,0.457205005870145,-0.820050846499349
3.5,10.37625,0.441676391210023,-0.82830612142526
3.5,10.3875,0.426006727891642,-0.836261903705461
3.5,10.39875,0.410201861616283,-0.843915948848997
3.5,10.41,0.394267673798414,-0.851266124737718
3.5,10.42125,0.378210079618903,-0.858310412305493
3.5,10.4325,0.362035026059223,-0.865046906195675
3.5,10.44375,0.345748489916334,-0.871473815396073
3.5,10.455,0.329356475797675,-0.877589463850716
3.5,10.46625,0.312865014095915,-0.883392291047605
3.5,10.4775,0.296280158943092,-0.888880852581574
3.5,10.48875,0.279607986143722,-0.894053820691374
3.5,10.5,0.262854591086675,-0.898909984769997
3.75,6,-0.0591178584464006,2.22874790518531e-16
3.75,6.01125,-0.061535064413555,-8.48471253329477e-06
3.75,6.0225,-0.0640978532279374,-1.70097596204178e-05
3.75,6.03375,-0.0668178703818924,-2.53901882354166e-05
3.75,6.045,-0.0697079974718229,-3.34398585529442e-05
3.75,6.05625,-0.0727825240447482,-4.09740938719148e-05
3.75,6.0675,-0.0760573492776947,-4.78127684155192e-05
3.75,6.07875,-0.0795502196980778,-5.37838541341788e-05
3.75,6.09,-0.0832810106685458,-5.87274368285434e-05
3.75,6.10125,-0.0872720613044853,-6.25001962213323e-05
3.75,6.1125,-0.0915485750069331,-6.49803226958818e-05
3.75,6.12375,-0.0961391010708633,-6.60728136970082e-05
3.75,6.135,-0.101076117136481,-6.57150534143963e-05
3.75,6.14625,-0.106396737964986,-6.38825282900054e-05
3.75,6.1575,-0.112143583673349,-6.05944659330765e-05
3.75,6.16875,-0.118365850920756,-5.59191040853059e-05
3.75,6.18,-0.125120644716663,-4.99781976667261e-05
3.75,6.19125,-0.132474648160382,-4.29502549644723e-05
3.75,6.2025,-0.140506234985453,-3.50718599691245e-05
3.75,6.21375,-0.149308169011551,-2.66362914678307e-05
3.75,6.225,-0.15899109129407,-1.79885012990679e-05
3.75,6.23625,-0.169688079036454,-9.5153839604071e-06
3.75,6.2475,-0.181560684877484,-1.63019165852085e-06
3.75,6.25875,-0.194807055129762,5.25002154537298e-06
3.75,6.27,-0.209673021595567,1.07348190700743e-05
3.75,6.28125,-0.226467534073933,1.44990097711867e-05
3.75,6.2925,-0.24558457494819,1.63287733116467e-05
3.75,6.30375,-0.267535004155082,1.6172755984478e-05
3.75,6.315,-0.292994063639605,1.41927244769323e-05
3.75,6.32625,-0.322874404931904,1.08040848660864e-05
3.75,6.3375,-0.358442333174587,6.69069895496387e-06
3.75,6.34875,-0.401510562397668,2.77122308281958e-06
3.75,6.36,-0.45477379063212,8.7121914411842e-08
3.75,6.37125,-0.522428497002011,-4.20271733503384e-07
3.75,6.3825,-0.611405016086877,1.73483093666772e-06
3.75,6.39375,-0.73405887219317,6.11782581126637e-06
3.75,6.405,-0.914839346906066,1.09355997325445e-05
3.75,6.41625,-1.21005055438818,1.29955563509905e-05
3.75,6.4275,-1.78534995424647,8.84854325309945e-06
3.75,6.43875,-3.43510973978312,-1.09277514204438e-06
3.75,6.45,-68.0260191478882,0.000652320268708535
3.75,6.46125,3.61220223071238,-1.58029379290605e-05
3.75,6.4725,1.67384532071627,7.0083075144275e-06
3.75,6.48375,1.02484021208221,-5.31732157825518e-05
3.75,6.495,0.672834004382039,-0.00026964029857943
3.75,6.50625,0.414160971225863,0.00125779135172083
3.75,6.5175,0.000775427541468451,0.0624779885678911
3.75,6.52875,0.0383266870048433,0.374008942170828
3.75,6.54,0.0834775294182995,0.488385745167453
3.75,6.55125,0.131413390941053,0.553836023544026
3.75,6.5625,0.180766861018567,0.596233739670503
3.75,6.57375,0.231416895860205,0.622436357453862
3.75,6.585,0.281554962096311,0.63646225979723
3.75,6.59625,0.33017687874837,0.64151464445827
3.75,6.6075,0.377015303670211,0.639785832677325
3.75,6.61875,0.42204032080535,0.632648334025266
3.75,6.63,0.46521582493259,0.620985835053666
3.75,6.64125,0.506456250852812,0.605436337949332
3.75,6.6525,0.545655103719919,0.58652059230034
3.75,6.66375,0.582718433343217,0.564694749632496
3.75,6.675,0.617583178933738,0.54036599271624
3.75,6.68625,0.650220777470863,0.513895007058661
3.75,6.6975,0.680632002285565,0.485596578344658
3.75,6.70875,0.708838538249539,0.455742126030574
3.75,6.72,0.734874763016664,0.424564454491967
3.75,6.73125,0.758781344442154,0.39226378169767
3.75,6.7425,0.780601038876843,0.359013988825325
3.75,6.75375,0.800376432053723,0.324968322943386
3.75,6.765,0.818149118725379,0.290264138072946
3.75,6.77625,0.833959796827163,0.255026544947562
3.75,6.7875,0.847848836231524,0.219371026704147
3.75,6.79875,0.859856999433936,0.183405178590734
3.75,6.81,0.870026104763044,0.147229768292866
3.75,6.82125,0.878399516174919,0.110939312345132
3.75,6.8325,0.885022413245458,0.0746223409173169
3.75,6.84375,0.889941842155366,0.0383614902699364
3.75,6.855,0.893206577103554,0.00223352716225688
3.75,6.86625,0.894866836063992,-0.0336906229828523
3.75,6.8775,0.894973899199794,-0.0693457999860959
3.75,6.88875,0.893579676012777,-0.104672462658324
3.75,6.9,0.890736261156566,-0.139616466453777
3.75,6.91125,0.886495510803804,-0.174128770330204
3.75,6.9225,0.880908662955296,-0.208165085101321
3.75,6.93375,0.874026017037437,-0.241685479198032
3.75,6.945,0.865896681093138,-0.274653958886626
3.75,6.95625,0.856568389085313,-0.307038039381101
3.75,6.9675,0.846087386355322,-0.33880832156086
3.75,6.97875,0.834498378038962,-0.369938086658092
3.75,6.99,0.821844533092995,-0.400402918678783
3.75,7.00125,0.808167535346108,-0.430180361726689
3.75,7.0125,0.793507672473403,-0.459249616978453
3.75,7.02375,0.777903953828673,-0.487591281909447
3.75,7.035,0.761394248499918,-0.515187132540525
3.75,7.04625,0.744015435652031,-0.542019947975904
3.75,7.0575,0.725803560083214,-0.568073375318766
3.75,7.06875,0.706793986868509,-0.593331832156868
3.75,7.08,0.687021549935803,-0.617780443170711
3.75,7.09125,0.666520690374382,-0.641405006995534
3.75,7.1025,0.645325581185046,-0.664191989229826
3.75,7.11375,0.623470236025625,-0.686128537394918
3.75,7.125,0.600988600275725,-0.707202513682535
3.75,7.13625,0.577914623434667,-0.727402541456179
3.75,7.1475,0.554282312475485,-0.746718061675053
3.75,7.15875,0.530125766306426,-0.765139395669159
3.75,7.17,0.505479191942551,-0.782657810995626
3.75,7.18125,0.480376903367006,-0.79926558743671
3.75,7.1925,0.454853304368716,-0.814956080548865
3.75,7.20375,0.428942856884743,-0.829723780530838
3.75,7.215,0.402680036555901,-0.843564364539136
3.75,7.22625,0.376099277328185,-0.856474740935011
3.75,7.2375,0.349234907004692,-0.868453084292389
3.75,7.24875,0.322121075677785,-0.879498860326374
3.75,7.26,0.29479167895421,-0.889612840212585
3.75,7.27125,0.267280277831897,-0.898797104055135
3.75,7.2825,0.239620017000639,-0.907055033523122
3.75,7.29375,0.211843543225923,-0.914391293909192
3.75,7.305,0.183982925339612,-0.920811806068434
3.75,7.31625,0.156069577209182,-0.926323708869852
3.75,7.3275,0.128134184892638,-0.930935312936516
3.75,7.33875,0.100206639014177,-0.934656046564016
3.75,7.35,0.0723159732202957,-0.937496394791456
3.75,7.36125,0.0444903094009274,-0.939467832655971
3.75,7.3725,0.0167568101896386,-0.940582753692843
3.75,7.38375,-0.0108583609071344,-0.940854394750704
3.75,7.395,-0.0383300715560156,-0.940296758177703
3.75,7.40625,-0.0656342447644727,-0.938924532402353
3.75,7.4175,-0.092747875246444,-0.936753011885036
3.75,7.42875,-0.119649038177138,-0.933798017355371
3.75,7.44,-0.146316890628191,-0.930075817179775
3.75,7.45125,-0.172731666059447,-0.925603050625006
3.75,7.4625,-0.198874662313824,-0.920396653699874
3.75,7.47375,-0.224728223616847,-0.914473788170725
3.75,7.485,-0.25027571712427,-0.907851774258954
3.75,7.49625,-0.275501504589878,-0.900548027442189
3.75,7.5075,-0.300390909742269,-0.892579999696785
3.75,7.51875,-0.324930181965731,-0.883965125438667
3.75,7.53,-0.349106456877158,-0.874720772343755
3.75,7.54125,-0.372907714379492,-0.864864197158704
3.75,7.5525,-0.396322734754064,-0.854412506548138
3.75,7.56375,-0.419341053330353,-0.843382622966175
3.75,7.575,-0.441952914243316,-0.831791255488104
3.75,7.58625,-0.464149223756616,-0.819654875492487
3.75,7.5975,-0.485921503595959,-0.806989697044583
3.75,7.60875,-0.507261844700943,-0.793811661798579
3.75,7.62,-0.528162861767101,-0.780136428208571
3.75,7.63125,-0.548617648913293,-0.765979364815645
3.75,7.6425,-0.568619736773161,-0.751355547360947
3.75,7.65375,-0.588163051273947,-0.736279759461521
3.75,7.665,-0.607241874331763,-0.720766496576416
3.75,7.67625,-0.625850806659791,-0.704829972984832
3.75,7.6875,-0.643984732854789,-0.688484131495489
3.75,7.69875,-0.661638788898193,-0.671742655606245
3.75,7.71,-0.678808332180931,-0.654618983835065
3.75,7.72125,-0.695488914135658,-0.63712632594763
3.75,7.7325,-0.71167625553678,-0.619277680812016
3.75,7.74375,-0.727366224507092,-0.601085855617921
3.75,7.755,-0.742554817250062,-0.582563486205196
3.75,7.76625,-0.757238141508606,-0.563723058255148
3.75,7.7775,-0.771412402734745,-0.544576929106583
3.75,7.78875,-0.78507389293923,-0.525137349968138
3.75,7.8,-0.798218982176426,-0.505416488307854
3.75,7.81125,-0.810844112607024,-0.485426450210512
3.75,7.8225,-0.822945795069438,-0.465179302503216
3.75,7.83375,-0.83452060808,-0.44468709445941
3.75,7.845,-0.845565199172156,-0.423961878901337
3.75,7.85625,-0.85607628847562,-0.403015732530905
3.75,7.8675,-0.866050674427835,-0.38186077532872
3.75,7.87875,-0.875485241502148,-0.360509188870968
3.75,7.89,-0.884376969829587,-0.3389732334239
3.75,7.90125,-0.892722946584074,-0.317265263685716
3.75,7.9125,-0.900520378994433,-0.295397743055867
3.75,7.92375,-0.907766608840388,-0.27338325632225
3.75,7.935,-0.914459128284087,-0.251234520667468
3.75,7.94625,-0.920595596883531,-0.228964394906069
3.75,7.9575,-0.926173859629542,-0.206585886875979
3.75,7.96875,-0.931191965843712,-0.184112158918776
3.75,7.98,-0.935648188771296,-0.161556531395207
3.75,7.99125,-0.939541045699801,-0.138932484194421
3.75,8.0025,-0.942869318432022,-0.116253656207877
3.75,8.01375,-0.94563207394053,-0.0935338427514758
3.75,8.025,-0.947828685029927,-0.0707869909324595
3.75,8.03625,-0.949458850833415,-0.0480271929706523
3.75,8.0475,-0.950522616971164,-0.0252686774971474
3.75,8.05875,-0.951020395200105,-0.00252579886653112
3.75,8.07,-0.95095298238786,0.0201869754674037
3.75,8.08125,-0.950321578647617,0.0428550794497126
3.75,8.0925,-0.949127804476063,0.0654638647199186
3.75,8.10375,-0.947373716742844,0.0879986186163868
3.75,8.115,-0.945061823387511,0.110444583788143
3.75,8.12625,-0.942195096688511,0.132786979301107
3.75,8.1375,-0.93877698497846,0.155011023114319
3.75,8.14875,-0.934811422690639,0.177101955791499
3.75,8.16,-0.930302838633407,0.199045065303436
3.75,8.17125,-0.925256162401806,0.220825712768573
3.75,8.1825,-0.919676828849032,0.242429358971155
3.75,8.19375,-0.91357078055468,0.263841591490642
3.75,8.205,-0.906944468241432,0.285048152270596
3.75,8.21625,-0.899804849106943,0.30603496545208
3.75,8.2275,-0.892159383053425,0.326788165294157
3.75,8.23875,-0.884016026813119,0.347294124003568
3.75,8.25,-0.875383225983557,0.367539479296255
3.75,8.26125,-0.866700911401659,0.38758985963226
3.75,8.2725,-0.857575850106544,0.407397092962115
3.75,8.28375,-0.848015402869294,0.426951998847379
3.75,8.295,-0.838027091520362,0.446245630530639
3.75,8.30625,-0.827618591568599,0.465269275780362
3.75,8.3175,-0.816797724960569,0.484014457535806
3.75,8.32875,-0.805572452982231,0.502472934363184
3.75,8.34,-0.79395086930439,0.520636700734123
3.75,8.35125,-0.781941193172889,0.538497987136957
3.75,8.3625,-0.769551762743863,0.556049260031232
3.75,8.37375,-0.756791028564019,0.573283221655288
3.75,8.385,-0.743667547195363,0.590192809696498
3.75,8.39625,-0.730189974983517,0.606771196833273
3.75,8.4075,-0.716367061968209,0.623011790157701
3.75,8.41875,-0.702207645934397,0.638908230487092
3.75,8.43,-0.687720646601957,0.654454391572528
3.75,8.44125,-0.672915059951837,0.669644379211847
3.75,8.4525,-0.65779995268606,0.684472530274414
3.75,8.46375,-0.642384456818998,0.698933411644307
3.75,8.475,-0.626677764396947,0.71302181908843
3.75,8.48625,-0.610689122343041,0.726732776055449
3.75,8.4975,-0.59442782742424,0.740061532411267
3.75,8.50875,-0.577903221337181,0.753003563116191
3.75,8.52,-0.561124685909438,0.765554566848739
3.75,8.53125,-0.544101638412833,0.777710464580527
3.75,8.5425,-0.526843526985195,0.789467398106489
3.75,8.55375,-0.509359826157154,0.800821728534171
3.75,8.565,-0.491660032480377,0.811770034735654
3.75,8.57625,-0.473753660253729,0.82230911176528
3.75,8.5875,-0.455650237343921,0.832435969246038
3.75,8.59875,-0.437359301097109,0.84214782972723
3.75,8.61,-0.41889039433809,0.851442127015714
3.75,8.62125,-0.400253061453748,0.860316504482761
3.75,8.6325,-0.381456844557477,0.868768813348338
3.75,8.64375,-0.362511279731404,0.876797110944356
3.75,8.655,-0.343425893343342,0.88439965895822
3.75,8.66625,-0.324210198435466,0.891574921657794
3.75,8.6775,-0.304873691181881,0.898321564098702
3.75,8.68875,-0.285425847412304,0.904638450314694
3.75,8.7,-0.265876119199234,0.910524641491636
3.75,8.71125,-0.246233931506127,0.915979394125526
3.75,8.7225,-0.226508678894177,0.921002158164793
3.75,8.73375,-0.206709722285496,0.92559257513699
3.75,8.745,-0.186846385780581,0.92975047625988
3.75,8.75625,-0.166927953528101,0.933475880536808
3.75,8.7675,-0.146963666645206,0.93676899283614
3.75,8.77875,-0.126962720186638,0.93963020195448
3.75,8.79,-0.10693426016115,0.942060078663281
3.75,8.80125,-0.0868873805937901,0.944059373738417
3.75,8.8125,-0.0668311206328108,0.94562901597223
3.75,8.82375,-0.0467744617000623,0.946770110167499
3.75,8.835,-0.0267263246838741,0.947483935112773
3.75,8.84625,-0.00669556717355928,0.947771941538459
3.75,8.8575,0.0133090192651773,0.947635750053059
3.75,8.86875,0.0332787117745734,0.947077149058924
3.75,8.88,0.0532048588493479,0.946098092646906
3.75,8.89125,0.0730788829418291,0.94470069846929
3.75,8.9025,0.0928922830279529,0.942887245590396
3.75,8.91375,0.11263663713425,0.94066017231428
3.75,8.925,0.132303604825914,0.938022073988967
3.75,8.93625,0.151884929655877,0.934975700786698
3.75,8.9475,0.17137244157476,0.931523955459712
3.75,8.95875,0.190758059301503,0.927669891071105
3.75,8.97,0.210033792654319,0.92341670870039
3.75,8.98125,0.229191744841629,0.918767755123413
3.75,8.9925,0.24822411471251,0.913726520466327
3.75,9.00375,0.267123198966132,0.908296635833408
3.75,9.015,0.285881394319639,0.90248187090855
3.75,9.02625,0.304491199633799,0.89628613153033
3.75,9.0375,0.322945217995787,0.889713457240614
3.75,9.04875,0.341236158758367,0.88276801880674
3.75,9.06,0.359356839534716,0.875454115717383
3.75,9.07125,0.377300188148122,0.867776173652269
3.75,9.0825,0.395059244535745,0.859738741925998
3.75,9.09375,0.412627162605607,0.851346490906288
3.75,9.105,0.429997212045986,0.842604209407034
3.75,9.11625,0.447162780086371,0.833516802056638
3.75,9.1275,0.464117373209105,0.824089286642162
3.75,9.13875,0.48085461881092,0.814326791429883
3.75,9.15,0.497368266813477,0.80423455246295
3.75,9.16125,0.513652191222122,0.793817910836862
3.75,9.1725,0.52970039163204,0.783082309953595
3.75,9.18375,0.545506994681011,0.772033292755235
3.75,9.195,0.561066255448042,0.760676498938052
3.75,9.20625,0.576372558797106,0.74901766214802
3.75,9.2175,0.59142042066533,0.737062607158817
3.75,9.22875,0.606204489294948,0.724817247033428
3.75,9.24,0.620719546408416,0.71228758027049
3.75,9.25125,0.634960508326129,0.699479687936588
3.75,9.2625,0.648922427026186,0.686399730785763
3.75,9.27375,0.66260049114575,0.673053946367512
3.75,9.285,0.675990026923591,0.659448646124603
3.75,9.29625,0.689086499083406,0.64559021248209
3.75,9.3075,0.701885511657646,0.631485095928913
3.75,9.31875,0.714382808751581,0.617139812093483
3.75,9.33,0.726574275247398,0.602560938814745
3.75,9.34125,0.738455937448226,0.587755113210146
3.75,9.3525,0.750023963662002,0.572729028742005
3.75,9.36375,0.761274664725162,0.557489432283781
3.75,9.375,0.772204494466253,0.542043121187732
3.75,9.38625,0.782810050109538,0.526396940355473
3.75,9.3975,0.793088072618815,0.51055777931297
3.75,9.40875,0.803035446981686,0.494532569291409
3.75,9.42,0.812649202434577,0.478328280315512
3.75,9.43125,0.821926512628909,0.461951918300719
3.75,9.4425,0.830864695738839,0.445410522160774
3.75,9.45375,0.839461214511057,0.428711160927111
3.75,9.465,0.847713676257246,0.411860930881487
3.75,9.47625,0.855619832789747,0.394866952703328
3.75,9.4875,0.863177580301179,0.377736368633058
3.75,9.49875,0.870384959188675,0.360476339652881
3.75,9.51,0.877240153823567,0.343094042686248
3.75,9.52125,0.883741492267327,0.325596667817308
3.75,9.5325,0.889887445934634,0.307991415531618
3.75,9.54375,0.895676629204543,0.290285493979262
3.75,9.555,0.901107798980657,0.272486116261571
3.75,9.56625,0.906179854201382,0.254600497742525
3.75,9.5775,0.910891835301289,0.2366358533859
3.75,9.58875,0.915242923624656,0.218599395119201
3.75,9.6,0.91923244079235,0.200498329225269
3.75,9.61125,0.922859848023161,0.182339853762558
3.75,9.6225,0.926124745410805,0.164131156014818
3.75,9.63375,0.929026871157764,0.145879409971087
3.75,9.645,0.931566100767216,0.127591773836643
3.75,9.65625,0.933742446194285,0.109275387575604
3.75,9.6675,0.935556054957858,0.0909373704858532
3.75,9.67875,0.937007209214259,0.0725848188067584
3.75,9.69,0.938096324794037,0.0542248033602374
3.75,9.70125,0.938823950203164,0.0358643672256051
3.75,9.7125,0.939190765589912,0.0175105234485356
3.75,9.72375,0.939197581678696,-0.000829747215476259
3.75,9.735,0.938845338672166,-0.0191494985229682
3.75,9.74625,0.938135105122809,-0.0374418209294038
3.75,9.7575,0.937068076775316,-0.055699843741036
3.75,9.76875,0.935645575380969,-0.0739167372316196
3.75,9.78,0.933869047485262,-0.0920857147239148
3.75,9.79125,0.931740063189978,-0.1102000346361
3.75,9.8025,0.92926031489088,-0.128253002493049
3.75,9.81375,0.926431615992218,-0.146237972902713
3.75,9.825,0.923255899599126,-0.164148351497739
3.75,9.83625,0.919735217189064,-0.181977596842529
3.75,9.8475,0.915871737263334,-0.199719222306104
3.75,9.85875,0.911667743979716,-0.217366797900967
3.75,9.87,0.907125635767218,-0.234913952088449
3.75,9.88125,0.902247923923882,-0.252354373550875
3.75,9.8925,0.897037231198581,-0.269681812930993
3.75,9.90375,0.891496290357644,-0.286890084539164
3.75,9.915,0.885627942737157,-0.303973068028808
3.75,9.92625,0.8794351367817,-0.320924710040625
3.75,9.9375,0.872920926570247,-0.337739025816227
3.75,9.94875,0.866088470329924,-0.354410100781649
3.75,9.96,0.858941028938219,-0.370932092101486
3.75,9.97125,0.851481964414241,-0.387299230204166
3.75,9.9825,0.843714738399548,-0.403505820279081
3.75,9.99375,0.835642910628988,-0.419546243746224
3.75,10.005,0.827270137391999,-0.435414959698929
3.75,10.01625,0.818600169984685,-0.451106506320498
3.75,10.0275,0.809636853153022,-0.466615502275282
3.75,10.03875,0.800384123527382,-0.481936648074969
3.75,10.05,0.790846008048611,-0.49706472742072
3.75,10.06125,0.781026622385797,-0.511994608521786
3.75,10.0725,0.770930169345774,-0.526721245391351
3.75,10.08375,0.76056093727444,-0.541239679120128
3.75,10.095,0.749923298449822,-0.555545039128451
3.75,10.10625,0.73902170746686,-0.569632544397359
3.75,10.1175,0.72786069961373,-0.583497504679356
3.75,10.12875,0.716444889239561,-0.597135321689353
3.75,10.14,0.704778968113333,-0.610541490276316
3.75,10.15125,0.692867703773641,-0.623711599576173
3.75,10.1625,0.68071593786905,-0.636641334146386
3.75,10.17375,0.668328584488655,-0.64932647508267
3.75,10.185,0.655710628482438,-0.661762901118226
3.75,10.19625,0.642867123771024,-0.673946589705816
3.75,10.2075,0.629803191644281,-0.685873618083043
3.75,10.21875,0.616524019048325,-0.697540164321037
3.75,10.23,0.603034856860347,-0.708942508356776
3.75,10.24125,0.589341018150662,-0.720077033009218
3.75,10.2525,0.575447876431453,-0.730940224979296
3.75,10.26375,0.561360863891485,-0.741528675833897
3.75,10.275,0.547085469616233,-0.751839082973728
3.75,10.28625,0.532627237792703,-0.761868250585078
3.75,10.2975,0.517991765898269,-0.771613090575302
3.75,10.30875,0.503184702872887,-0.781070623491828
3.75,10.32,0.488211747273913,-0.79023797942448
3.75,10.33125,0.473078645412897,-0.79911239889073
3.75,10.3425,0.457791189473605,-0.807691233703546
3.75,10.35375,0.442355215610575,-0.815971947821373
3.75,10.365,0.426776602027572,-0.823952118179694
3.75,10.37625,0.411061267035171,-0.831629435503648
3.75,10.3875,0.395215167086899,-0.839001705100993
3.75,10.39875,0.379244294793244,-0.846066847634729
3.75,10.41,0.363154676912889,-0.8528228998746
3.75,10.42125,0.346952372320672,-0.859268015426586
3.75,10.4325,0.330643469951588,-0.865400465439519
3.75,10.44375,0.314234086720433,-0.871218639287796
3.75,10.455,0.2977303654165,-0.876721045229177
3.75,10.46625,0.281138472572953,-0.881906311036542
3.75,10.4775,0.264464596310482,-0.886773184602448
3.75,10.48875,0.247714944154851,-0.891320534515257
3.75,10.5,0.230895740828135,-0.895547350605557
4,6,0.06076796099474,0
4,6.01125,0.06334721637303,-1.78101754495865e-06
4,6.0225,0.0660749513475463,-7.2822505709296e-06
4,6.03375,0.0689635693109627,-1.60333892781792e-05
4,6.045,0.07202691890948,-2.75136158940801e-05
4,6.05625,0.0752805014152795,-4.1153312202327e-05
4,6.0675,0.07874171356093,-5.63371482081169e-05
4,6.07875,0.0824301331068509,-7.2408837434154e-05
4,6.09,0.0863678562065528,-8.86778774847754e-05
4,6.10125,0.0905798979542976,-0.00010442862502384
4,6.1125,0.0950946705262699,-0.000118932078691068
4,6.12375,0.099944557309917,-0.000131460756655707
4,6.135,0.105166606709273,-0.00014130705018407
4,6.14625,0.110803376417553,-0.000147805400599837
4,6.1575,0.116903968581873,-0.00015035857022918
4,6.16875,0.123525309495537,-0.000148468139190621
4,6.18,0.130733745783959,-0.000141769133490709
4,6.19125,0.138607054806363,-0.000130068341974714
4,6.2025,0.147237003673753,-0.000113385366508483
4,6.21375,0.156732644274276,-9.19947163159311e-05
4,6.225,0.167224609455894,-6.64662368394327e-05
4,6.23625,0.178870791565313,-3.76997790186105e-05
4,6.2475,0.191863960966428,-6.94818608124742e-06
4,6.25875,0.206442155878136,2.41796668911867e-05
4,6.27,0.22290310919924,5.37469255901608e-05
4,6.28125,0.241624684687772,7.95623866621019e-05
4,6.2925,0.263094477625677,9.93176995755611e-05
4,6.30375,0.287953778836821,0.000110809113270148
4,6.315,0.317064763424872,0.000112265757673675
4,6.32625,0.351616610361148,0.000102802801820669
4,6.3375,0.393299691472808,8.30047016931336e-05
4,6.34875,0.444604890295074,5.56129958607775e-05
4,6.36,0.509367288809388,2.6231724000398e-05
4,6.37125,0.593824044637225,3.85246039470243e-06
4,6.3825,0.70886135271373,8.16183709643074e-07
4,6.39375,0.875373784548767,3.15497441491511e-05
4,6.405,1.13929010778325,0.000109029820864635
4,6.41625,1.62540383736523,0.000237157390462986
4,6.4275,2.83555214519578,0.000387833232289183
4,6.43875,11.5129071051641,-0.00058679660927652
4,6.45,-5.34395145383393,-0.000267122077622336
4,6.46125,-2.09443583930818,0.000102169166238751
4,6.4725,-1.25209662529016,-4.75733285805028e-05
4,6.48375,-0.847074526501313,0.000160511215923355
4,6.495,-0.587245815002914,0.000750523438607763
4,6.50625,-0.376876442453167,-0.00235998791340043
4,6.5175,-0.000944964870660026,-0.0587132613846004
4,6.52875,-0.045006930232667,-0.354458421247509
4,6.54,-0.0905703361196442,-0.463473310262113
4,6.55125,-0.141163381284611,-0.527609387080067
4,6.5625,-0.191440882646838,-0.567767780228506
4,6.57375,-0.241399665310452,-0.592812066941307
4,6.585,-0.290671505010324,-0.606696039647049
4,6.59625,-0.338674748874045,-0.611896826592771
4,6.6075,-0.384989673205391,-0.610215083981587
4,6.61875,-0.429385748726025,-0.602980129629312
4,6.63,-0.471746792203547,-0.591172121938456
4,6.64125,-0.512009387344799,-0.575526187027718
4,6.6525,-0.550132133161227,-0.556613202166921
4,6.66375,-0.586085348782488,-0.534895161572365
4,6.675,-0.619849873707039,-0.510759814999271
4,6.68625,-0.651418219269798,-0.484541121165634
4,6.6975,-0.680795181804892,-0.45653110498684
4,6.70875,-0.707997203859874,-0.426987005666718
4,6.72,-0.733050716304786,-0.396136081554409
4,6.73125,-0.755989958361652,-0.364179350993044
4,6.7425,-0.776854728356921,-0.331294869296228
4,6.75375,-0.795688372983344,-0.297640763552213
4,6.765,-0.812536175058478,-0.263358062866106
4,6.77625,-0.827444185773759,-0.228573290705499
4,6.7875,-0.840458473625557,-0.193400773906007
4,6.79875,-0.851624722532212,-0.157944636665741
4,6.81,-0.860988096570741,-0.122300469305701
4,6.82125,-0.868593289411027,-0.0865566817612997
4,6.8325,-0.874484685948328,-0.0507955671295711
4,6.84375,-0.878706577008517,-0.0150941103961311
4,6.855,-0.881303382250589,0.020475417705173
4,6.86625,-0.882319849742329,0.0558450408196852
4,6.8775,-0.881801212241513,0.0909507920587293
4,6.88875,-0.879793289643534,0.125732528664323
4,6.9,-0.876342534352147,0.160133815522316
4,6.91125,-0.871496021671392,0.19410185185862
4,6.9225,-0.865301390967202,0.227587420509758
4,6.93375,-0.857806745594273,0.26054484392393
4,6.945,-0.849060520714424,0.292931935347607
4,6.95625,-0.839111328405773,0.324709937389747
4,6.9675,-0.828007789108035,0.355843443295093
4,6.97875,-0.815798357663119,0.386300298805056
4,6.99,-0.802531151152314,0.416051484473616
4,7.00125,-0.788253784530878,0.44507097978825
4,7.0125,-0.773013218817272,0.473335611484673
4,7.02375,-0.756855625381434,0.500824889105511
4,7.035,-0.739826268746894,0.527520831203681
4,7.04625,-0.721969409308532,0.553407785694053
4,7.0575,-0.703328226490914,0.578472247769942
4,7.06875,-0.683944762138452,0.602702678575226
4,7.08,-0.663859883337261,0.626089327502417
4,7.09125,-0.643113263411601,0.648624060608034
4,7.1025,-0.621743379504014,0.670300197229473
4,7.11375,-0.599787524923254,0.691112356474445
4,7.125,-0.577281834312723,0.711056314853117
4,7.13625,-0.554261319639377,0.730128875946111
4,7.1475,-0.530759915013814,0.748327752657197
4,7.15875,-0.506810528413449,0.76565146229217
4,7.17,-0.482445098479953,0.782099234438093
4,7.18125,-0.457694654689021,0.797670931388621
4,7.1925,-0.432589379336151,0.812366980671913
4,7.20375,-0.407158669938855,0.826188319083723
4,7.215,-0.381431200817953,0.839136347507884
4,7.22625,-0.355434982782922,0.851212895715883
4,7.2375,-0.329197420006003,0.862420196272737
4,7.24875,-0.302745363322933,0.872760866635626
4,7.26,-0.276105159344371,0.882237898510293
4,7.27125,-0.249302694898478,0.890854653526218
4,7.2825,-0.222363436452126,0.898614864301542
4,7.29375,-0.19531246427478,0.905522639990796
4,7.305,-0.168174501215179,0.911582475440244
4,7.31625,-0.140973936057092,0.916799263115328
4,7.3275,-0.113734841505806,0.921178307010968
4,7.33875,-0.0864809869335885,0.924725337806365
4,7.35,-0.0592358460786038,0.927446528581055
4,7.36125,-0.032022599949884,0.929348510466572
4,7.3725,-0.00486413523990315,0.930438387667779
4,7.38375,0.022216961412434,0.930723751348722
4,7.395,0.0491984129320857,0.930212691939167
4,7.40625,0.0760582646893062,0.928913809479178
4,7.4175,0.102774900330379,0.926836221679602
4,7.42875,0.129327060123512,0.923989569435755
4,7.44,0.155693861378669,0.920384019589387
4,7.45125,0.181854820499563,0.916030264789776
4,7.4625,0.207789876230021,0.910939520358279
4,7.47375,0.233479413666425,0.90512351811122
4,7.485,0.258904288621576,0.898594497143776
4,7.49625,0.284045851943055,0.891365191621656
4,7.5075,0.308885973410608,0.883448815668254
4,7.51875,0.333407064861469,0.8748590454718
4,7.53,0.357592102219912,0.865609998770137
4,7.54125,0.381424646136467,0.855716211899743
4,7.5525,0.404888860973668,0.845192614620433
4,7.56375,0.427969531907389,0.834054502948015
4,7.575,0.450652079946185,0.822317510243744
4,7.58625,0.472922574704728,0.809997576821992
4,7.5975,0.494767744800841,0.797110918346328
4,7.60875,0.516174985778994,0.783673993288928
4,7.62,0.537132365495271,0.769703469729716
4,7.63125,0.557628626930166,0.755216191769415
4,7.6425,0.577653188425125,0.74022914582576
4,7.65375,0.597196141367016,0.724759427073868
4,7.665,0.616248245370556,0.708824206281601
4,7.67625,0.634800921032911,0.692440697277742
4,7.6875,0.652846240356361,0.675626125276399
4,7.69875,0.670376914954268,0.658397696264773
4,7.71,0.687386282172729,0.640772567643985
4,7.72125,0.70386828927471,0.622767820294276
4,7.7325,0.719817475845795,0.604400432216727
4,7.74375,0.735228954590417,0.585687253884325
4,7.755,0.750098390695019,0.566644985415474
4,7.76625,0.764421979940018,0.547290155663615
4,7.7775,0.778196425745673,0.527639103297566
4,7.78875,0.791418915338525,0.507707959928326
4,7.8,0.804087095224576,0.487512635320409
4,7.81125,0.816199046153608,0.467068804708348
4,7.8225,0.827753257755548,0.446391898222986
4,7.83375,0.83874860302528,0.425497092416803
4,7.845,0.84918431282655,0.4043993038635
4,7.85625,0.859059950579034,0.383113184793885
4,7.8675,0.86837538728526,0.361653120718295
4,7.87875,0.877130777046104,0.340033229974948
4,7.89,0.885326533205158,0.318267365133893
4,7.90125,0.892963305253489,0.296369116177733
4,7.9125,0.900041956617351,0.274351815372561
4,7.92375,0.906563543442323,0.252228543736072
4,7.935,0.912529294478241,0.230012139004025
4,7.94625,0.917940592160286,0.20771520499146
4,7.9575,0.922798954972652,0.185350122240913
4,7.96875,0.927106021172536,0.162929059846492
4,7.98,0.930863533943624,0.140463988339987
4,7.99125,0.93407332804008,0.11796669352275
4,8.0025,0.936737317973895,0.0954487911255715
4,8.01375,0.938857487790861,0.0729217421770945
4,8.025,0.940435882472787,0.050396868960568
4,8.03625,0.94147460099646,0.0278853714376562
4,8.0475,0.941975791072617,0.00539834401775938
4,8.05875,0.941941645581536,-0.0170532074493969
4,8.07,0.941374400714927,-0.0394583485800597
4,8.08125,0.940276335827314,-0.0618061993842828
4,8.0925,0.938649774993455,-0.0840859173376941
4,8.10375,0.936497090261821,-0.106286680719801
4,8.115,0.933820706587544,-0.128397672341114
4,8.12625,0.930623108421577,-0.150408063781434
4,8.1375,0.92690684792596,-0.172307000261121
4,8.14875,0.922674554778179,-0.194083586266891
4,8.16,0.917928947520266,-0.215726872052938
4,8.17125,0.912672846401013,-0.2372258411376
4,8.1825,0.906909187651762,-0.258569398914404
4,8.19375,0.90064103912833,-0.279746362495223
4,8.205,0.893871617243239,-0.300745451901168
4,8.21625,0.886604305103742,-0.321555282714852
4,8.2275,0.878842671762222,-0.342164360304536
4,8.23875,0.870590492476221,-0.362561075727486
4,8.25,0.861851769865965,-0.382733703415389
4,8.26125,0.852630755847379,-0.402670400739938
4,8.2725,0.842931974208892,-0.422359209550661
4,8.28375,0.832760243690327,-0.441788059770176
4,8.295,0.822120701412268,-0.460944775124343
4,8.30625,0.811018826494599,-0.479817081075447
4,8.3175,0.79965192987469,-0.498286385508622
4,8.32875,0.788112546108481,-0.516329125099505
4,8.34,0.776183905531618,-0.534075073943471
4,8.35125,0.763874228139026,-0.551516294322801
4,8.3625,0.751191870091142,-0.568645094574757
4,8.37375,0.73814531608421,-0.58545402960366
4,8.385,0.724743171858289,-0.601935901175118
4,8.39625,0.710994156846702,-0.618083758003449
4,8.4075,0.69690709696994,-0.633890895643336
4,8.41875,0.682490917576523,-0.649350856196402
4,8.43,0.667754636532683,-0.664457427843203
4,8.44125,0.652707357462268,-0.679204644210867
4,8.4525,0.637358263137667,-0.693586783586347
4,8.46375,0.621716609022214,-0.707598367984878
4,8.475,0.605791716963937,-0.721234162083047
4,8.48625,0.589592969040277,-0.734489172025389
4,8.4975,0.573129801552846,-0.747358644113265
4,8.50875,0.556411699171102,-0.759838063384284
4,8.52,0.539448189223366,-0.771923152090301
4,8.53125,0.522248836133467,-0.783609868081545
4,8.5425,0.504823236000835,-0.79489440310422
4,8.55375,0.487181011321848,-0.805773181018443
4,8.565,0.469331805849846,-0.816242855943084
4,8.57625,0.451285279591138,-0.826300310333725
4,8.5875,0.4330511039342,-0.835942652999547
4,8.59875,0.414638956908946,-0.845167217064718
4,8.61,0.396058518573094,-0.853971557879363
4,8.62125,0.377319466522343,-0.86235345088501
4,8.6325,0.358431471521096,-0.870310889438967
4,8.64375,0.33940419325042,-0.877842082601848
4,8.655,0.320247276169846,-0.884945452892076
4,8.66625,0.300970345489634,-0.891619634010968
4,8.6775,0.281583003250084,-0.897863468541651
4,8.68875,0.262094824504535,-0.903676005624834
4,8.7,0.242515353602676,-0.909056498614111
4,8.71125,0.222854100570822,-0.914004402713318
4,8.7225,0.203120537585907,-0.918519372598109
4,8.73375,0.183324095539954,-0.922601260023767
4,8.745,0.163474160691877,-0.926250111420971
4,8.75625,0.143580071403522,-0.929466165481088
4,8.7675,0.123651114956971,-0.932249850732308
4,8.77875,0.103696524450219,-0.934601783107772
4,8.79,0.0837254757683863,-0.93652276350667
4,8.80125,0.0637470846278027,-0.938013775349104
4,8.8125,0.0437704036903599,-0.939075982125364
4,8.82375,0.0238044197456624,-0.939710724940119
4,8.835,0.0038580509585909,-0.939919520051894
4,8.84625,-0.0160598558199309,-0.939704056408085
4,8.8575,-0.035940527681103,-0.939066193175635
4,8.86875,-0.0557752682273745,-0.938007957267425
4,8.88,-0.0755554600843625,-0.936531540864315
4,8.89125,-0.0952725673573632,-0.934639298932703
4,8.9025,-0.114918138034058,-0.932333746737399
4,8.91375,-0.134483806334958,-0.929617557349542
4,8.925,-0.153961295012946,-0.926493559149247
4,8.93625,-0.173342417603217,-0.922964733322622
4,8.9475,-0.192619080624765,-0.919034211352744
4,8.95875,-0.211783285734454,-0.91470527250418
4,8.97,-0.230827131834606,-0.909981341300604
4,8.98125,-0.249742817134927,-0.904865984995058
4,8.9925,-0.268522641169506,-0.899362911032369
4,9.00375,-0.287159006769458,-0.893475964503295
4,9.015,-0.305644421991774,-0.887209125589921
4,9.02625,-0.323971502004772,-0.880566507001851
4,9.0375,-0.342132970930486,-0.873552351402799
4,9.04875,-0.36012166364424,-0.866171028827156
4,9.06,-0.377930527531572,-0.858427034086153
4,9.07125,-0.395552624202598,-0.850324984163292
4,9.0825,-0.41298113116382,-0.841869615598726
4,9.09375,-0.430209343447332,-0.833065781862321
4,9.105,-0.447230675197329,-0.823918450715168
4,9.11625,-0.464038661213702,-0.814432701559372
4,9.1275,-0.480626958452534,-0.804613722775984
4,9.13875,-0.496989347483213,-0.794466809050974
4,9.15,-0.513119733901832,-0.783997358689243
4,9.16125,-0.529012149700537,-0.773210870916663
4,9.1725,-0.544660754592427,-0.762112943170246
4,9.18375,-0.560059837291603,-0.750709268376555
4,9.195,-0.5752038167479,-0.739005632218552
4,9.20625,-0.59008724333587,-0.727007910391134
4,9.2175,-0.604704799997528,-0.714722065845631
4,9.22875,-0.619051303338377,-0.702154146023657
4,9.24,-0.633121704676228,-0.689310280080697
4,9.25125,-0.646911091042315,-0.676196676099916
4,9.2625,-0.660414686134234,-0.662819618296696
4,9.27375,-0.673627851220199,-0.649185464214492
4,9.285,-0.686546085994154,-0.635300641912632
4,9.29625,-0.699165029381294,-0.621171647146712
4,9.3075,-0.711480460293545,-0.606805040542359
4,9.31875,-0.723488298334565,-0.59220744476309
4,9.33,-0.735184604453905,-0.577385541673123
4,9.34125,-0.746565581549939,-0.562346069495954
4,9.3525,-0.757627575021221,-0.547095819969662
4,9.36375,-0.768367073265977,-0.531641635499821
4,9.375,-0.778780708129444,-0.515990406311039
4,9.38625,-0.788865255298834,-0.500149067598093
4,9.3975,-0.798617634645717,-0.484124596677738
4,9.40875,-0.808034910515666,-0.467924010142215
4,9.42,-0.817114291965059,-0.451554361015571
4,9.43125,-0.825853132944976,-0.435022735913887
4,9.4425,-0.834248932432124,-0.418336252210566
4,9.45375,-0.842299334506879,-0.401502055207782
4,9.465,-0.850002128378449,-0.384527315315298
4,9.47625,-0.857355248357322,-0.367419225237767
4,9.4875,-0.864356773775135,-0.350184997171726
4,9.49875,-0.87100492885218,-0.33283186001345
4,9.51,-0.877298082512834,-0.315367056578813
4,9.52125,-0.883234748149183,-0.297797840836379
4,9.5325,-0.88881358333323,-0.280131475154828
4,9.54375,-0.894033389478069,-0.262375227565952
4,9.555,-0.898893111448509,-0.244536369044268
4,9.56625,-0.903391837121602,-0.226622170804489
4,9.5775,-0.907528796897659,-0.208639901617878
4,9.58875,-0.911303363162325,-0.190596825148649
4,9.6,-0.914715049700342,-0.172500197311431
4,9.61125,-0.917763511061684,-0.154357263650899
4,9.6225,-0.920448541880758,-0.136175256744561
4,9.63375,-0.922770076149457,-0.117961393629685
4,9.645,-0.924728186444808,-0.0997228732553913
4,9.65625,-0.926323083112083,-0.0814668739607537
4,9.6675,-0.9275551134042,-0.0632005509798791
4,9.67875,-0.928424760578307,-0.0449310339747864
4,9.69,-0.928932642950486,-0.0266654245969181
4,9.70125,-0.929079512909489,-0.0084107940780434
4,9.7125,-0.928866255890493,0.00982581914865289
4,9.72375,-0.928293889309869,0.0280374117966643
4,9.735,-0.927363561461957,0.0462170180427308
4,9.74625,-0.92607655037888,0.0643577118112998
4,9.7575,-0.924434262654453,0.0824526090263066
4,9.76875,-0.922438232233222,0.100494869829725
4,9.78,-0.920090119165703,0.11847770076649
4,9.79125,-0.917391708330896,0.136394356935259
4,9.8025,-0.914344908127153,0.154238144104711
4,9.81375,-0.910951749132461,0.172002420795002
4,9.825,-0.907214382735243,0.189680600324115
4,9.83625,-0.903135079736727,0.207266152818839
4,9.8475,-0.898716228925974,0.224752607190168
4,9.85875,-0.893960335628613,0.242133553073026
4,9.87,-0.888870020230344,0.259402642730126
4,9.88125,-0.883448016676239,0.276553592919951
4,9.8925,-0.877697170946883,0.293580186728818
4,9.90375,-0.871620439512341,0.310476275367042
4,9.915,-0.865220887764954,0.327235779929267
4,9.92625,-0.858501688431944,0.343852693119032
4,9.9375,-0.851466119968727,0.360321080937767
4,9.94875,-0.844117564933914,0.376635084338313
4,9.96,-0.836459508346847,0.392788920843236
4,9.97125,-0.828495536028551,0.408776886128136
4,9.9825,-0.82022933292693,0.424593355570236
4,9.99375,-0.811664681427018,0.440232785762553
4,10.005,-0.802805459647041,0.455689715993951
4,10.01625,-0.793655639721018,0.470958769695472
4,10.0275,-0.784219286068622,0.486034655853271
4,10.03875,-0.774500553652931,0.500912170388575
4,10.05,-0.76450368622671,0.51558619750509
4,10.06125,-0.754233014567799,0.530051711004243
4,10.0725,-0.743692954704145,0.544303775568755
4,10.08375,-0.732888006128999,0.558337548014948
4,10.095,-0.721822750006698,0.572148278514308
4,10.10625,-0.710501847369506,0.585731311784712
4,10.1175,-0.698930037305852,0.599082088251826
4,10.12875,-0.687112135140304,0.612196145181168
4,10.14,-0.675053030605602,0.625069117781262
4,10.15125,-0.662757686006973,0.637696740278402
4,10.1625,-0.650231134378954,0.650074846963453
4,10.17375,-0.637478477634888,0.662199373211192
4,10.185,-0.624504884709233,0.674066356472576
4,10.19625,-0.61131558969277,0.685671937240431
4,10.2075,-0.597915889960764,0.697012359988928
4,10.21875,-0.584311144294085,0.708083974087291
4,10.23,-0.570506770993288,0.718883234688072
4,10.24125,-0.556508245985582,0.729406703590377
4,10.2525,-0.542321100924578,0.739651050078384
4,10.26375,-0.527950921282741,0.749613051735415
4,10.275,-0.513403344436344,0.759289595233875
4,10.28625,-0.498684057742771,0.768677677101292
4,10.2975,-0.483798796609938,0.777774404462645
4,10.30875,-0.468753342557611,0.786576995759206
4,10.32,-0.453553521270362,0.795082781443957
4,10.33125,-0.438205200641843,0.803289204653777
4,10.3425,-0.422714288810152,0.811193821858355
4,10.35375,-0.407086732183902,0.818794303485938
4,10.365,-0.391328513458696,0.826088434525821
4,10.37625,-0.375445649623674,0.833074115107539
4,10.3875,-0.359444189957744,0.839749361056654
4,10.39875,-0.343330214015192,0.846112304426935
4,10.41,-0.32710982960025,0.852161194008771
4,10.42125,-0.310789170730303,0.857894395813523
4,10.4325,-0.294374395587368,0.863310393533511
4,10.44375,-0.27787168445747,0.868407788977307
4,10.455,-0.261287237657605,0.873185302479895
4,10.46625,-0.244627273449902,0.877641773287265
4,10.4775,-0.227898025942737,0.881776159914926
4,10.48875,-0.211105742978411,0.885587540479796
4,10.5,-0.194256684007188,0.889075113004852
